gene,importance
ESR1,0.01100760111718995
UBE2T,0.008430240124534926
SPDEF,0.008258652229481593
TFF3,0.007075557740853122
IL6ST,0.006907893822907311
FOXC1,0.0065715575282182855
SFRP1,0.006438803055729606
AR,0.0059759126111300475
SLC39A6,0.005966267173103786
EXO1,0.00591358416677312
GATA3,0.005874508465510484
MLPH,0.005728406765690127
AGR2,0.005703723993116911
AURKA,0.00547390922638226
ASF1B,0.005449315465322738
KIF2C,0.005419807631277397
CDCA8,0.00530764439236307
CCNB2,0.005215164584784406
SPC25,0.005092667316044196
CENPA,0.004988073327368735
SPRY2,0.004987386421429547
TPX2,0.00496518836804084
SLC22A5,0.004947839489586721
KIF4A,0.004944612059532631
SPAG5,0.004893752170558512
BUB1,0.004704681696721017
CDKN3,0.004668596726659122
LMNB1,0.004610499480248779
SIDT1,0.004515526459767951
GINS1,0.0045063123318149975
GREB1,0.004420283898925708
TPM3,0.004396566341252911
KIF20A,0.004372298843930501
PGR,0.004323260538499019
XBP1,0.0042849074665964075
UBE2C,0.004270502087987051
MMP11,0.00420739986353274
BIRC5,0.004182695346010293
MYH11,0.0041354182594932586
RAD54L,0.004098305913047728
NEK2,0.004070765789189656
MATN2,0.004060085006598758
CDK1,0.00395240023978173
NDC80,0.003871931341454394
MRAS,0.0038626275274952606
MAML2,0.003790886552751994
KIF11,0.003782672942787958
CDCA3,0.0037055028610504977
PLK1,0.003672172683266782
MYBL2,0.003584438829363421
SOX10,0.0035655979597985633
ITIH5,0.00356260533489671
THSD4,0.003561311483524729
TROAP,0.003558429151105481
KPNA2,0.0035573563182256236
KCNK5,0.0035562132032653463
RAD51,0.0035460091801921834
CCNA2,0.003542055270030086
KCNK15,0.003532045972890799
CENPF,0.0035125724845254695
ELOVL2,0.003418206400806549
SPARCL1,0.0034137888495702914
PMAIP1,0.0033851563887306504
NCAPH,0.003357078036924469
KIF18B,0.003340809656635235
NR3C2,0.0033250035571005428
ADAMTS5,0.003296852557758749
MCCC2,0.003174480999163434
CA4,0.0031546757158981654
TRIM29,0.0031517196662327407
KIF23,0.0031499937861099174
TMBIM6,0.0031242094960605184
DSC2,0.00304478469332588
ASB13,0.0030225415028926517
IGF1R,0.0030016636265059516
MYOM1,0.0029872956706921755
POLQ,0.002921698488694623
RACGAP1,0.002901544663747458
IL33,0.002897406970480521
SCUBE2,0.0028438154892093137
MELK,0.002802372746460892
EGFR,0.0027730179708877743
EZH1,0.00276285679014111
WWP1,0.0027606806007792572
CENPE,0.00270569584061637
CDC20,0.0027028278928455107
ART3,0.0026767994794647154
ANKRA2,0.0026765000772760467
ZWINT,0.0026642634085814578
FSCN1,0.0026303385465290246
ANXA9,0.002621862042363935
CXCL2,0.0026104872639400277
CHST3,0.0026051478107824754
UBE2S,0.0025979146166070373
CLCA2,0.0025810697755929697
PLA2G4A,0.0025099859312701046
ATP8B1,0.002508798564937433
PROS1,0.0025052009544745883
TSPAN1,0.002488437619763481
ESPL1,0.0024833147920390293
DBF4,0.002464548687238339
L3MBTL4,0.0024560553595690203
NPY1R,0.002434052841680986
CMBL,0.0024140133011139406
KDM4B,0.0023907789315483242
DLGAP5,0.0023808622869856116
NDRG2,0.0023806506565788653
SAR1B,0.002369594168880675
MAPT,0.002365055969303949
ERBB2,0.0023251843295553076
HMGB3,0.0023012705587441766
ACVR1B,0.0022669152709217304
CHEK1,0.0022529139480395614
PTX3,0.002250174586119714
HSD17B6,0.0022489485842620053
PREX1,0.0022438313024302765
RRM2,0.00222065417871077
TMCC2,0.0022046853360411693
CENPN,0.0021831224767231952
G6PD,0.002175781171796706
CA12,0.002171672453613836
TSPAN13,0.002170700393539624
BCL2,0.002143414482548581
GP2,0.0021311046180002118
TNS1,0.0021254769758912457
CDC14B,0.0021123507908524853
ORC6,0.0020342268912538143
FBP1,0.0020085901766573604
TIMELESS,0.0020049849925001307
SLC16A6,0.001996556564169611
KRT5,0.0019850296146181785
DEPDC1,0.001983466413799098
TFCP2L1,0.0019488739608524612
TGFBR2,0.001933588333478583
EVL,0.0019234293588312327
GRB7,0.0019160782937681497
REEP6,0.0018885232468079016
TFF1,0.0018815950897220204
TOP2A,0.0018802542808203974
CLDN19,0.001873550015642311
RGN,0.0018678796457114464
CLDN11,0.0018507244403156682
AURKB,0.001832415047654659
LRIG1,0.0018313168760842843
MKI67,0.001818877484489896
DONSON,0.0018184540487481454
ABCC8,0.0018149835475616612
PDK4,0.0017957348647899979
RAD51AP1,0.001785595609272339
PSAT1,0.001783943958430882
PCNA,0.0017836532030932862
ABAT,0.0017715897001987458
HSD17B2,0.001741185066448096
TRIP13,0.0017308180751746916
LIFR,0.0017237559944944642
CRYAB,0.0016997945209125823
DST,0.0016919452352331743
NCK2,0.0016877994100346378
BUB1B,0.0016490763957596735
CCNF,0.0016418799916267516
ACADSB,0.001634243988527132
PAK3,0.0016313720980798575
CDC45,0.0016160947324736922
KRT17,0.0016116771892084472
PRNP,0.001589020914519076
DSC3,0.0015417240148143416
STARD3,0.0015368309116291067
IGFBP6,0.00153642369150446
NUDT4,0.0015282361460501703
COL17A1,0.001522256913540611
KIF15,0.0015179275490700517
ABCA6,0.0015037912266945897
RABIF,0.0015005942247383083
TTK,0.0015002440856187163
GFRA1,0.0014874316663017809
ITGA9,0.001431359634801946
CTPS1,0.0014157034678720299
LPIN1,0.0014080656086242424
MAD2L1,0.0013947712553237868
CAV1,0.0013737266139768837
TCAP,0.0013736008901535884
LAD1,0.0013403534586575823
BBOX1,0.0013398901859164932
NAT1,0.0013279721228591018
ABCC2,0.001325185875232633
PNMT,0.0012876653530723451
GNMT,0.0012866896154653557
NUDT12,0.0012621887882523519
CDC6,0.0012536731927813357
RHOB,0.0012433273578683409
E2F2,0.0012397967152714125
CKS2,0.0012380861170110534
TP53INP2,0.0012380145157511425
F7,0.0012338034765215675
FFAR2,0.0012268175001607597
TCF19,0.0012266621753714096
EIF2AK1,0.0012181622446470655
MTHFD2,0.0012162587735062558
MET,0.0012064017668184893
KRT18,0.0012035019376496888
LIMA1,0.001187853187899731
NR3C1,0.001180323708327516
ABCA9,0.0011732508254119452
CYP39A1,0.001144759896560871
SNCA,0.0011378367623979652
FGF2,0.0011295749025483236
GSN,0.0011160180500407852
MMP7,0.00111254193503778
PLK4,0.001111860124825001
VAV3,0.0011099154797826279
DMD,0.0010913528386938102
HMMR,0.0010910961891583938
HDGF,0.0010879661051916424
TXNIP,0.0010816867165201144
TCF7L1,0.0010734639410996832
CIT,0.0010665210871814942
TTC39A,0.0010655285075350579
FABP5,0.001061544210694445
NFIB,0.001055391718333827
UGCG,0.001053017953124169
DSCC1,0.0010495959624875915
CYP4B1,0.0010457304975063652
VLDLR,0.0010394431197261376
PRSS3,0.0010385214928288365
LDHB,0.0010335452712775617
MYLK,0.001030124830017994
TMEM100,0.00102364735449531
ETFA,0.001023116231716789
ADCY9,0.001018984193890351
ABCA8,0.0010053909199969327
SLC6A14,0.0009948446236629348
PTTG1,0.0009915938166279521
LEP,0.0009804779963908025
INPP4B,0.0009787704396557256
ATL2,0.0009785683948487821
PLOD1,0.0009745670496391898
ECT2,0.0009604188961594983
ITGB8,0.0009530312192527726
INHBA,0.0009463370502058515
STC2,0.0009417404584576392
CADM3,0.0009380233260307402
MYB,0.0009368023509276191
SLC2A4,0.0009364111277118567
ANLN,0.0009297274278742184
PVR,0.0009294528539928162
ST3GAL6,0.0009289127989360229
TK1,0.0009090843475833687
WNK4,0.0009083313859152353
AKR1B10,0.0009068874392719622
TFAP2B,0.0009022041759993174
DUSP4,0.0009021058539243453
SH3BGRL2,0.0008982846205156472
E2F8,0.0008980051416414435
TACC3,0.0008953386216759447
ME2,0.0008875912224031697
GINS3,0.0008814861076159175
ATAD2,0.0008812550455620299
SULT2B1,0.0008695493211962799
COX6C,0.0008677604271807547
ELOVL5,0.0008627153507249673
EZH2,0.0008621342091569436
SDC1,0.000859592995124939
GPRC5B,0.0008584956597714663
KLK7,0.0008557335810075287
PCSK4,0.0008420114748614267
SERPINB5,0.0008394786079674943
COL11A1,0.0008370058288245375
TGFBR3,0.0008348421940177795
MID1,0.0008334404391201846
PTGER3,0.000822738617140838
WNT6,0.0008200665114369957
SIAH2,0.0008104173291672507
SERPINA5,0.0007974355896804744
ST6GAL1,0.0007883536280003826
S100A9,0.0007814016597770462
DIAPH3,0.0007664811402082795
ABLIM1,0.000756812071999522
CD99,0.0007517529084595228
TMPRSS6,0.0007516407312845585
CACNA2D2,0.0007513673333064397
REEP1,0.0007483570465323083
PRLR,0.0007424908173258412
SPTBN1,0.0007404617521783976
KIT,0.0007335731861947434
SYTL2,0.0007329261284205412
KCNN4,0.0007309312575345509
KNTC1,0.0007257078411152311
IGF1,0.0007243904191267832
FZD7,0.000719813569876659
APBB2,0.0007157933103474337
TACR1,0.0007134244502737029
CES1,0.0007101493102704607
KLK8,0.0007078320993223186
FOXC2,0.0007072803678608477
CDC25A,0.0007008656827498105
LCT,0.0006965565616061939
SLC19A2,0.0006926641658937047
WFS1,0.000690426207113607
PEX11A,0.0006887598807351733
ALDOC,0.0006885458622619511
GLIPR2,0.0006833333402389626
DNAJC12,0.0006752651710644639
CAB39L,0.0006705620303508092
ST14,0.0006704335435223632
ALDH1A3,0.0006687820926708247
PER1,0.0006682093692098606
PSMD3,0.000662696382866799
RELN,0.0006585801353773604
TSPAN7,0.0006580157855899227
PERP,0.0006568879615000382
SLPI,0.0006515263067785575
EGR1,0.000651225129582686
FBXO5,0.0006506931258749605
CENPM,0.0006475471275525106
CDO1,0.0006469484181178672
CNIH2,0.0006463098575098242
MMP13,0.0006445260172663046
MEIS2,0.0006373796198834386
MREG,0.0006373744355630252
OXTR,0.0006373120063134556
HELLS,0.0006300735519069085
TLE3,0.0006273575171123253
SCHIP1,0.0006218925087001458
PIM1,0.0006212629566583069
MED13L,0.0006193759749489693
REEP5,0.0006157433381064153
TLE4,0.0006110125357886301
SMOX,0.0006090844764930744
ELN,0.000605549007241647
CDON,0.0006030663028146703
MMP1,0.000596214315104861
MCM6,0.000594936278915126
CCNE1,0.000591570898373527
CD34,0.0005835974711747944
CHST2,0.0005813497537203277
ANP32E,0.0005797457442080773
AKAP12,0.0005792547600104444
CKS1B,0.0005751012589586549
GAL,0.0005726920398268214
HMGCS2,0.0005722569723576449
FLNC,0.0005716001373161218
LPAR6,0.0005694994752195638
LEPR,0.0005689155848664048
SCARB1,0.0005646587330483013
CXCL3,0.0005645322807008199
NCK1,0.0005624070152659078
CACYBP,0.0005606214169358391
GJB3,0.0005577342771588462
IFRD1,0.0005564489814617288
HPRT1,0.0005561488484278223
CRAT,0.0005559951846790479
GNAI1,0.000554428672091909
FHL1,0.0005519684675003641
ARID5B,0.0005502766457701706
PROC,0.0005463209573593844
SLC25A37,0.0005450812962881309
ATP6V0D1,0.0005444570078389346
RAB17,0.0005443871503346155
SLC16A1,0.0005441702549947998
POLR3K,0.0005440371968181497
IDH2,0.0005429254906761725
JAM3,0.000542628985063404
PARVA,0.0005425580827479059
IGFBP4,0.0005399512375206078
GAMT,0.0005367731445274095
HMGB2,0.0005351334825425075
FBXW7,0.0005342492857480008
GLS,0.0005316156834761231
TNFRSF21,0.0005308440422141757
PRIM2,0.0005290634630625749
CA6,0.0005215771276953456
YWHAZ,0.0005211642389749835
PVT1,0.0005211381000105597
IRS1,0.000518120568901364
PLAGL1,0.0005169216089182414
CLEC5A,0.0005120545024502584
ALDH3A1,0.0005114826337798584
KCNMB1,0.0005106173960080577
NRTN,0.0005102326818040951
TMPO,0.0005098548452091916
LSM4,0.000509225419360161
CDK8,0.0005083854979653757
CYB5A,0.000506276713853943
ACKR1,0.0005049160629345441
GPD1,0.000503673991837889
LAMB3,0.000503582024260125
SCAMP3,0.0005031220139944476
APH1A,0.0005030829585644132
MATN3,0.000502999068237718
AQP7,0.0005025130192778558
CLDN5,0.0005023154279636061
CDH3,0.0005019656130466915
LBR,0.0005002191222065542
ACSL1,0.0004962075365662679
EFS,0.0004954864220756179
RABEP1,0.000495411130410807
VEGFA,0.0004945166668375755
NCS1,0.0004941722765240424
CCDC88A,0.0004915205565003612
MSN,0.0004908997855781199
PRODH,0.0004880032734401997
KCNH1,0.00048730145356159463
DMRT1,0.00048532021198922074
B3GAT1,0.00048361913285791674
PPARA,0.0004834836909608027
NOTCH1,0.0004834483339135341
GPD1L,0.00048327586833661515
TSC22D1,0.0004813310917594956
CXCL16,0.00048012962117968563
DUSP5,0.00047951517860742314
CCT3,0.0004784019934076863
TP63,0.0004741940566694905
KYNU,0.000472113340828282
ARTN,0.0004682667773351595
MEIS1,0.00046528492708458174
PLAC1,0.00046460529225184446
CDC42EP1,0.00046292359907105276
PPP4C,0.00045962899182055685
CAV2,0.00045179816303293763
MCCC1,0.000447120037538462
EDAR,0.00044502870322229006
ENPP2,0.0004443007540040961
IL1RL2,0.00044361842083416293
S100A11,0.000443514670233285
ENO1,0.00044216257046935243
CISH,0.00044166585840966485
F8,0.000440943573328928
MMP15,0.0004409330782734982
BMP6,0.00044045154650179864
SRPK1,0.0004403785866456304
RFC4,0.0004379713552879489
CPQ,0.0004369679125468158
ADGRL2,0.0004364326640189215
CXCL1,0.0004352709297197561
SLC7A2,0.00043429044570867775
ABHD2,0.0004327156195382971
CX3CL1,0.00043171514996999204
DNMBP,0.0004312926149930152
SLC1A2,0.0004264948186213175
POLR3G,0.0004259335116490397
GYPC,0.00042532184494040127
SERPINA6,0.0004250230166451591
MALL,0.000424690606162475
TF,0.0004181060870992801
SLC31A1,0.0004175245287183989
GPER1,0.0004166740758510294
SEMA3B,0.00041462141652848027
VIPR1,0.00041447013861605847
TLE1,0.000410383081567645
HRH1,0.0004088522735585731
HMGCL,0.00040665152357334734
PDZK1,0.00040610676182837425
EFEMP1,0.0004034102903715203
PELI1,0.00040300922376360017
SUCLG2,0.000402546506504936
SIRPA,0.00039835881667014077
PRIM1,0.0003975454772982719
CCL11,0.00039713335167907945
RAPGEF3,0.0003926548145509498
RAP2B,0.00039191652935720224
GEM,0.00038981643765770567
SNX24,0.0003895864749705139
VPS37B,0.00038810847092221574
CDR2,0.0003808415572511763
IL12RB2,0.0003784057687688168
TMPRSS2,0.0003777811518918859
TJP3,0.00037640693266149716
SCNN1A,0.0003754640309369209
CPB1,0.00037467286761759343
CLTC,0.00037457431811186765
BTG3,0.0003737288312196467
B4GALNT2,0.0003696746181335406
BRAF,0.0003695892217420993
HSD17B7,0.0003689975354240706
TPBG,0.000368884408688038
CROT,0.0003679347145974505
SCUBE1,0.0003659899913299025
CALB2,0.00036549241161509615
EFNA5,0.00036520159836823593
RCAN1,0.00036455012042126367
GMPS,0.00036453799677117765
BTRC,0.00036376842488167687
DCAF10,0.00036249339118511276
COMP,0.00036116729660092966
RBBP8,0.0003611286702834255
RBL1,0.00036026686095494003
CDADC1,0.00035714015399604946
SLC25A1,0.0003559515540348851
CACNA1H,0.0003523748673377976
PSIP1,0.0003488130986106331
MAPRE1,0.00034821723404570307
MXI1,0.0003477765686535576
FAH,0.00034196468262470177
KCNMA1,0.0003397676073405559
FZD4,0.0003393970827168701
KLF5,0.0003392537931157423
PSMC6,0.0003358390921140322
PRKAG1,0.0003340160627421418
CSAD,0.00033391717914772935
NCOA7,0.0003331151402856398
PGM1,0.00033243285973613793
INMT,0.00033094320972895886
CAPN9,0.00033079120409639987
ARHGEF9,0.0003299279365250836
STAT5A,0.0003293274489279162
ALDH1A2,0.0003287808844364961
MSH2,0.0003287231033040754
ACAT2,0.0003281077703849006
PFKP,0.0003277406621981629
ACSS2,0.0003267975836851601
CFI,0.00032677862685673536
DBI,0.00032611120403225113
NPY5R,0.0003252387972928106
UGP2,0.0003250148039602274
TCF7L2,0.0003238379002580739
HK2,0.00032383251612344213
KRT15,0.0003224525312984553
MAL2,0.0003204650088064349
CACNG1,0.00032038358346418694
ACTR2,0.0003195937225984663
SRD5A3,0.00031900123332614087
MYBL1,0.0003159387110715042
IDH1,0.0003159370235440741
OPTN,0.00031510261674753596
ACOX2,0.00031437322515416566
CKAP5,0.0003134987011024368
LTF,0.0003132047180729895
OVOL2,0.00031272570755330303
UQCRH,0.0003097181249672004
BCAN,0.00030878684175015175
ACSM3,0.00030759230905151136
PSMD12,0.0003061396921837442
PSMC3IP,0.0003027383043212618
BPNT1,0.0003024967037294735
COMT,0.0003020434250666431
PACRG,0.0002994232929613895
BID,0.00029910516728224505
SUCLG1,0.0002986744608350346
PRKAB1,0.0002978488564816746
PDGFB,0.00029719627458169934
HDAC1,0.0002970768309800784
DDIT4,0.00029688234632186224
ARFGEF1,0.000296241601842126
UBE2D1,0.0002954114257232656
ITGA3,0.00029515210375682737
ARL6IP1,0.0002941073159318728
MYL7,0.0002940289744961049
SRP9,0.0002900048459199696
ADH1C,0.00028947143858514934
XPNPEP1,0.0002892667739022675
AFF1,0.0002883791759280242
PITPNC1,0.0002882805828751564
AMFR,0.0002881360759425914
PDK2,0.00028675982170909333
SLC7A5,0.00028581948394831527
MCM4,0.00028464662774397106
GLI1,0.00028397079213504444
OAZ3,0.00028359068703326254
ATOH8,0.0002831386832850261
CSNK2A2,0.0002825719426026189
ETV5,0.0002823854443423169
TP53INP1,0.00028194261581262955
RALB,0.000280311968445915
KLK10,0.00027909399861291025
IL27RA,0.0002778431647240892
EPOR,0.0002768481442150102
RAD52,0.0002754548871993082
DTX2,0.0002743857786857606
ERBB3,0.00027339801768513466
BTBD3,0.0002726459435092081
RETSAT,0.0002722014112252303
NCBP1,0.00027181808489890437
EMP2,0.0002708459914297165
SMC2,0.0002702782419734839
UPP1,0.00026981472488817304
PPP3R1,0.00026924614181592104
PKD2,0.0002688688573696432
PIF1,0.00026856787109649896
BLVRA,0.000268489698055164
HSPA4L,0.0002684750844649907
CMPK1,0.00026742787966262317
BRCA1,0.00026737705593198947
CDC7,0.00026645346332364187
TUBG1,0.00026620090814060175
AXIN2,0.00026513775372958697
B3GNT3,0.00026439566679403996
IL13RA1,0.0002638764752080887
NFYC,0.0002626702883913417
MGLL,0.00026198476689264676
TPD52,0.00026049618589712607
RET,0.00026041716026076016
CKMT2,0.000260156884053253
LGALS3,0.00025981426958037157
SYBU,0.00025955630952184135
PARN,0.00025947846789392483
PGS1,0.00025895298396441685
ACADL,0.0002582404824331741
TES,0.00025814762907389174
FBLN5,0.000257966829109766
ALDH1L1,0.0002578747020648296
CXCL8,0.00025750012743408387
GBP2,0.0002568696040355651
EIF4A2,0.00025636313590266495
SQLE,0.0002558768995959091
DCBLD2,0.00025531534694690284
ATP6AP1,0.0002550347275979772
TGFA,0.0002546042577168661
MUC1,0.0002541534955334095
TANK,0.0002539546789172202
ARFGAP3,0.0002538225797089088
PGK1,0.0002538052399731753
GPX7,0.00025322303291508305
PIGR,0.0002512549289002346
BAX,0.0002504551206050001
PFKFB1,0.0002500883797117921
COPZ2,0.0002497873955642146
TBC1D30,0.0002495689759561365
HRC,0.0002495034924734694
AKT1,0.00024911430014433906
STIL,0.00024860938516196493
NEFH,0.00024782950214592817
CANT1,0.00024635801877022546
MYO1E,0.00024589997615791676
SKAP2,0.0002454203962068104
CD59,0.0002451295660749678
SERPINA3,0.00024455394759657933
GNA14,0.00024376553591583846
MCM5,0.00024351265647247765
ALDH18A1,0.00024320696046146778
MDH1,0.00024286407849720168
ARHGAP10,0.000242798407067031
E2F1,0.0002424096503917967
CKAP4,0.00024228371256405118
SLC25A5,0.00024216767401640855
MAPK9,0.00024176434257891784
SERPINH1,0.00024160022259443495
ABHD6,0.00024148978828233676
MAOA,0.00024139323143201985
FMOD,0.00024111375196723283
ITIH3,0.0002406301648602118
ATP2C1,0.0002398713163974468
APOD,0.00023984306594616685
PXN,0.0002395113107246021
STXBP1,0.00023950755869147036
SPRED2,0.0002378109931957805
TM7SF2,0.00023726225076939024
CBX3,0.0002369246788650725
IMPA2,0.00023652079361145283
MTMR10,0.00023624768408344793
ANXA1,0.00023607242376082654
ZFP36L1,0.00023480708392493085
PTCH1,0.00023471579394891625
PRKCA,0.0002346100897995606
ITGA7,0.000234453308095974
JUNB,0.00023431353394400087
CDH11,0.000233977503431095
HSPA9,0.00023364072382837047
RSU1,0.00023308968441155753
CLDN8,0.00023282687148818242
SMC4,0.00023282132141319396
SRSF6,0.00023161918220328807
NPR2,0.00023153125649838028
ENPP1,0.0002313543761446988
TMEM97,0.0002309581538633723
ACTG2,0.00022978693182554755
CHPF2,0.00022961601786999873
SLC30A3,0.0002294671909251078
RRAD,0.0002289840567670458
INHBB,0.00022796764212585187
SLC35B1,0.00022773764561789873
TMEM158,0.00022765979556128746
PTGS2,0.00022764894437609504
NCAM1,0.00022661400384113984
DHRS2,0.0002256750930094094
CYP4A22,0.00022538512829485769
ABCC4,0.00022489979567898974
ALOX15B,0.0002248765644044853
CELSR1,0.0002247403776699558
LYN,0.00022468903048932152
BTG2,0.00022351483301890666
KLF9,0.00022325177946061592
MRPL15,0.00022311171536305217
PTPN14,0.00022306071874123295
FN1,0.00022180669217944593
SLC27A2,0.0002216916393748842
SLC25A13,0.00022084567294051037
FASN,0.00022056585482425791
DUSP6,0.0002202500824185785
FGD4,0.00021942719999680773
MB,0.00021930047420442818
ADH5,0.0002190755915260953
GPI,0.00021773073623013276
EGLN3,0.00021610860147585888
F2R,0.00021595095164925722
TM4SF1,0.00021513055778558997
SH3BGR,0.0002151013207868003
PDE6B,0.00021509042701319862
MAP3K6,0.00021508529202541045
F3,0.00021477841091835966
SLC2A8,0.00021436201224209314
SLC6A9,0.00021324237537099288
BMP2,0.000212859698736863
ISG20L2,0.00021244745568150907
SHROOM1,0.0002114093848548714
CELSR2,0.00021126615344109787
TNFAIP8,0.00021092600862651135
EGLN2,0.00021090990231875558
RIPK2,0.0002106813603013276
SLC5A6,0.00021042297901564837
WNT7A,0.0002103453448639608
TNFSF10,0.00021009510522511826
STAT3,0.0002098125797083736
DTX1,0.0002097485215705554
PKP1,0.00020935433625168253
SH2B2,0.0002081640890668623
KIF22,0.00020794197843628252
FGG,0.00020783398750911467
HIF1A,0.00020680776228920492
PDHA1,0.00020622880276665402
GOT1,0.0002058818398548461
NKD1,0.0002054474387264929
F2RL2,0.0002050634128779664
GCNT2,0.0002044207828163522
ZBTB16,0.00020358173146018231
SNRPG,0.00020354292584303727
FUT8,0.00020346249860037378
PNP,0.00020258535014090593
HAO1,0.0002023316744514335
IRF7,0.0002018692215869369
CALML5,0.00020184088561425788
TDO2,0.00020178732980944802
ETS2,0.00020097466424803673
F10,0.00020051586032074234
DKK1,0.00020028004050423923
ATP2B1,0.0002001201375009494
ADD2,0.0001999747764773972
TOB1,0.0001998260821932905
FGF13,0.00019982426453603506
RALA,0.00019969625916809664
STX7,0.00019937653694549054
CPA2,0.00019927098121125006
NCAPD2,0.00019922442224621896
RHCG,0.00019919494719327716
ZNF707,0.00019910955220041012
HDAC5,0.00019880083593968242
MLLT10,0.00019869343665453212
IRS2,0.00019854332444754153
KLF4,0.0001981521194854035
FKBP14,0.00019736063823116642
ANTXR2,0.0001965920077783037
PABPC4,0.00019658027203570488
PARP2,0.0001964523479463905
PLCL1,0.00019625397128199723
NPY4R,0.0001959532846482863
GAB2,0.00019574611234941277
DAP3,0.00019557636552726282
ARFIP2,0.00019551615691766304
TUBB2B,0.00019541240221854515
CSRP2,0.00019533060956604335
MFN2,0.00019454075656887007
ILF2,0.00019428605922706672
HBB,0.00019321254380285808
AHNAK,0.00019304964434236808
FCN1,0.00019245137171420787
MAL,0.00019198734579081066
PAPSS2,0.00019134473468411544
PDK1,0.00019035720185522404
PTK2,0.00019029014245574593
TCOF1,0.00019002927130152926
PEX13,0.000189874931081181
S100A10,0.00018902362415783641
SYNCRIP,0.0001881038378867918
EFHC1,0.00018801494846412936
ADGRG1,0.00018788278975138525
LAMC2,0.00018777297155871537
WWTR1,0.00018706804496113942
GALNT3,0.00018673907015393648
RBSN,0.000186463195121995
GOSR2,0.00018640921264480553
SLC24A3,0.00018635158662997929
TRIP10,0.00018633872304516641
MAST4,0.00018585225040078767
FRAT1,0.00018465582359077074
TNF,0.0001834955663973669
ARL3,0.0001832346223969894
IFNAR2,0.00018267040858160741
XIST,0.0001821948970624636
MCM2,0.0001807352698593326
MPZL2,0.0001802412928014453
LAMA3,0.00018020633707388896
AKR1D1,0.0001796418215704424
CDKN2A,0.00017927741628912693
TUBA4A,0.00017907930685317287
CDH16,0.00017845014350399067
TGIF2,0.00017840144189322315
DNAJB1,0.00017681436661946226
PKM,0.00017570716446361427
CADM2,0.00017480130322991496
RSAD2,0.00017477205856564326
MMP2,0.00017470016573189917
NFIL3,0.00017414150463987259
MYOF,0.00017406756436571573
PSMD14,0.00017403263036562536
RPS6KA1,0.00017381014137586703
FOSL1,0.00017380532960642318
SLC25A19,0.0001732787825814432
GJA1,0.000172981032221413
IL2RA,0.00017289241112784632
DHCR7,0.0001727640651688838
FGF9,0.00017268740474782343
PMM2,0.00017099131180034618
CLIC3,0.00017088863511195612
MEST,0.00017005933642841523
TKT,0.0001697002530453541
IGFBP5,0.00016950035889238296
PTGFR,0.00016934413185061228
RRAGD,0.00016901665743262177
KIF20B,0.00016876764206330506
HTATIP2,0.000168501769797764
UCP2,0.00016834818142509277
MMP10,0.00016831489396631469
RHOH,0.00016820252732436028
PLOD3,0.00016809435224539925
SPTBN2,0.00016798867714438534
FADS1,0.00016692010474116575
POR,0.00016661912100930356
TXN,0.0001661783938808891
CD1D,0.00016611202702456566
TXNRD1,0.0001660271295769421
AGXT,0.00016577183441080184
KLF2,0.0001652545451374277
CALM1,0.0001651221816417788
SDHA,0.00016505406779629693
DAP,0.0001634905584754825
IL12A,0.00016323869349528326
IDI1,0.00016310368928831376
TRAIP,0.0001630479759205542
RPS6KA5,0.00016270233956090077
OPRK1,0.0001626211587011564
CYB5R1,0.00016256355294570226
ACVR1,0.00016253846375347732
TUBB,0.00016209820646727595
PAICS,0.00016198214267412658
GSTM2,0.0001619595111922663
SLC23A1,0.00016152644804207818
MARCO,0.00016152127687063197
CEBPB,0.00016088379621953427
COX5A,0.00016037825499862123
AGO2,0.0001603277443718846
IGSF3,0.00016018360920459218
COL5A2,0.0001601378135756826
CXCL14,0.0001597401555578134
IL1R2,0.00015937935986387334
NEDD4L,0.00015896932417014498
MAP2K6,0.000158951099212389
PPAT,0.0001589214509853676
PHGDH,0.00015849089869384442
MAFF,0.00015835871891785078
CYB5R3,0.00015832902525930476
LDLRAP1,0.00015825205657799153
RARA,0.00015820697098308298
TBK1,0.00015814891620932552
WLS,0.00015796985533188384
TAF13,0.00015789533681114
LONP2,0.00015780996556138415
LPIN2,0.00015780248412859555
FGFR1,0.00015769699085893885
DENND5A,0.0001565767913805971
HPN,0.00015654711601495428
CTSC,0.00015631902218704813
BMPR1B,0.0001562915245606857
DIO1,0.00015618482359773674
NCBP2,0.0001561342855528362
SORBS3,0.00015564360183683112
DLK2,0.00015562268586122194
ARHGEF12,0.0001553799345362515
NAV2,0.00015517992806194823
STK38L,0.0001548488829520232
SCN1B,0.00015481117078190132
GPR3,0.0001547538309514407
ZBTB10,0.00015454391197007087
ANXA2,0.00015431759450277875
MTHFD1,0.00015423847577315534
VEZF1,0.0001541533116254418
DTX4,0.00015313212964083718
MID1IP1,0.0001529314346597102
PIGQ,0.00015292563175098702
PDLIM4,0.0001524671217868404
ITSN1,0.00015172036368115907
SPTB,0.00015140719882761626
EIF2S2,0.0001511616751380011
SLC20A1,0.00015034622116604225
CHST6,0.0001502389234393136
TENM2,0.00015019793773158338
TPSAB1,0.00015013903442074596
KIFC3,0.00015004333749788268
TGFB1,0.00014990158899901766
PAN2,0.0001497428234682217
STMN1,0.00014941350414988751
ICOS,0.0001491382195750301
DKC1,0.0001486076134156202
CH25H,0.00014851274163620815
KLK11,0.00014769642999967926
MPZL1,0.0001475988819077004
IKBKB,0.00014734530655061522
RHBDF2,0.0001472845416490063
SGK1,0.00014723409067364843
COL2A1,0.00014691129176348992
ADD3,0.00014689922250350296
CCL24,0.00014657241283363504
BRCA2,0.00014640607965553233
FBLN1,0.00014631276237114183
NASP,0.00014624182339749217
CEBPA,0.00014622389522453313
CTSE,0.00014620590491997467
PDP1,0.00014589304575030748
RAP1GAP,0.00014585490266737152
PROCR,0.00014579043005679676
LRRC8C,0.0001457405782583488
PAXIP1,0.00014509722540724217
KCNJ2,0.0001450378222320269
ARHGEF2,0.00014494754306275308
RFC3,0.00014489433109693837
NAGK,0.00014462152666410384
LIF,0.00014460981921142962
EPHB4,0.00014450713316540247
PNRC1,0.00014449318434618674
COL5A1,0.00014438765330258358
TLX1,0.00014438039345812735
TRO,0.00014426365788838407
CLGN,0.00014391279548321063
ATP6V0A4,0.0001436334469930095
SSRP1,0.00014358171139908511
CHRNB1,0.0001434591225457929
KIF3B,0.0001434231190289777
FABP6,0.00014340219138511305
OMD,0.00014319729200391987
PLXNB2,0.0001431608726167939
LRRC15,0.00014289434387808632
ARAP3,0.00014285832228133104
C3,0.00014280984768519884
GNAS,0.00014276409094033467
ADORA2B,0.00014263322769704088
AZGP1,0.00014242102320823863
PTGER4,0.0001423429332631256
SCD,0.00014212497782396048
MLH1,0.00014185802446242736
DCT,0.00014142211609684076
GSR,0.00014129526904887803
SASS6,0.00014129325502356535
CREG1,0.00014117437186368377
NDST1,0.00014115407823559554
CBS,0.000141099725697221
TRIM58,0.0001410132511542273
PLAT,0.0001408248464535426
PPARGC1A,0.000140603154021605
TCP1,0.0001405236848768749
AK4,0.0001402276639002526
RFC2,0.00014015307920054885
SSH2,0.00014013438989603612
PA2G4,0.00014004837549746644
PLAUR,0.00014003799257921769
GAA,0.0001397531171555498
L1CAM,0.00013959198258043618
HSP90AB1,0.00013948552097710533
DTNB,0.00013933872180550225
ACTA2,0.00013929281611241764
NET1,0.00013922712991863446
TRAF2,0.0001389913579422338
LEFTY2,0.00013882640109934508
NARF,0.00013875418603980712
UQCR10,0.00013867369342079755
CHPF,0.0001385154926422536
NUP107,0.00013831442191837072
SOD3,0.00013811296620167964
CLDN9,0.00013791120553517856
CCNG2,0.00013785319644604586
CHAC1,0.00013780352098646288
ENTPD5,0.00013724350918105753
CCT4,0.00013721830176086506
KLF6,0.00013706997250057
SBNO2,0.00013681785801590907
DAPK2,0.00013678946891498806
CAPN2,0.000136693047342277
BCAR3,0.00013651859951823708
MGMT,0.00013595303935540993
CCSER2,0.0001359273537897629
LY75,0.00013579713737558929
ABCG2,0.0001357581062543624
MED24,0.0001356972762010826
NQO2,0.000135622571644271
COX7A1,0.00013531665942726368
FOXO1,0.0001352717950768537
GPR19,0.00013494187476651302
CHFR,0.00013463104707075478
RAB1A,0.00013459969058160577
BCKDHB,0.00013455008883916117
CBLB,0.000134435435300219
UBR7,0.00013440146431226466
GINS4,0.0001343297410110651
CDK6,0.00013430878606880242
FGF18,0.0001342707587654383
HMGCR,0.00013411163854051708
PTPRG,0.00013401342716828094
PEX19,0.000133806508281898
IFNGR1,0.00013359361218421176
ENO2,0.00013352777321398084
GGH,0.00013326639682767022
CDKN1C,0.00013315175511857027
RXRA,0.00013216064397892485
COLGALT1,0.00013204367159472293
PREP,0.00013197451493018574
VEGFC,0.000131899637889076
PTCD3,0.0001317701792010283
METAP1,0.00013176366243403538
VPS45,0.00013156909314527914
CACNA1A,0.0001315478933788969
KPNB1,0.00013148325663953108
TEKT2,0.00013120189289950963
GP1BA,0.00013120124344078655
MADD,0.00013049349472925358
CD55,0.0001304847904925564
POSTN,0.0001302714477612667
GINS2,0.0001300397457141471
EPHA2,0.0001300351472736829
CASP8,0.0001295410658488438
CYP7A1,0.00012938646831739522
QDPR,0.00012929196482134583
CASQ2,0.00012908063052537215
IL1B,0.00012894312240397076
CRABP1,0.00012849626586224332
SDCBP,0.00012849392315815499
GUCY2D,0.00012842635834014814
NPC1,0.00012779840541635566
KRT19,0.0001277063118545475
SLIT1,0.0001270905575780834
MYO15A,0.00012661965777663304
ANXA13,0.00012661008162937265
TRIB2,0.00012649183889869084
SRSF7,0.00012644489939604768
METTL3,0.00012642663292424693
ALG1,0.00012613474770393877
MCM7,0.00012597695108096667
TMEM9B,0.00012564943641135974
POLE,0.00012562490189923836
DDC,0.00012558672936531057
HK1,0.00012556057152045643
CXCL11,0.0001254335057270417
DDX39A,0.00012539891859161874
CD3E,0.00012534237931230123
CDC25B,0.00012521815874651728
JAG2,0.00012510117342466452
PRKCG,0.00012501544026452484
PSMC2,0.00012473708249722377
NUP93,0.00012467586475400398
SNAP23,0.00012393609468710129
PIK3R3,0.0001237624502588423
LPL,0.00012357947676886643
SLC35A3,0.00012327771262150302
PLCB4,0.00012325967450372847
CRIP2,0.00012306473570191013
EBI3,0.00012306267252028936
CKB,0.00012278826341155725
DOCK9,0.0001227442862959809
EIF3B,0.0001227435284060165
ITPR2,0.00012265516982472942
SERPINE2,0.00012217450607466868
SLC37A1,0.00012182259439035128
FOXN3,0.00012168838245942075
PSMC4,0.00012158485146612588
PMEPA1,0.00012134638209661207
PFN2,0.00012106010829548687
DFFA,0.00012103003079898386
GAS1,0.00012091794410122406
PRKAR2B,0.0001206811097163029
PRSS23,0.0001200737555963361
GPR83,0.00011983213251198146
SEC14L2,0.000119689880513409
MMS22L,0.00011965305680758172
CXCL6,0.00011948320995373785
S100A1,0.00011948114082935869
CLSTN3,0.0001192505870749022
SFN,0.00011911865893395084
FEZ1,0.00011895010712463797
BCAT1,0.00011878956448008116
KCNMB2,0.00011872435888014756
SOCS1,0.00011869217088559153
PLIN2,0.00011865344572714428
SGCB,0.00011859794892660859
PGM2,0.0001185221710564753
CD38,0.00011846242013331048
DLL1,0.0001177893741946984
SERINC1,0.00011753251275872491
GAPDH,0.000117460741235106
MT1E,0.00011737801490259981
ITPK1,0.00011728067697472173
CDA,0.00011721751183464326
SKP2,0.0001171480382981437
CDC42EP4,0.0001171062328328338
PRDX1,0.00011706841673468713
KLF3,0.0001170103671739935
BATF3,0.00011688282047604245
PSMA4,0.00011661940990552114
CSTF2,0.00011655150204829022
BCL6,0.0001165083269797163
QSOX1,0.00011624458906625192
CETN2,0.00011622424900758753
ELOVL6,0.00011611893229482962
TNFRSF11B,0.00011594843769663674
GNG11,0.00011593499374600975
ERCC3,0.00011590979109552202
AMD1,0.00011589673201353864
CHPT1,0.0001158953514794542
MLF1,0.00011571086116566839
SLC27A1,0.00011560444435294023
PSME1,0.00011553852175667987
TYMS,0.0001153802459712062
RANBP1,0.00011529923637353215
SHMT1,0.0001152037527812926
PGK2,0.00011494464452304326
EFHD1,0.00011486649927062366
NAMPT,0.00011433840663278944
PDLIM1,0.00011421602401853799
SYK,0.00011417956244478341
PHLDB1,0.00011416146236187705
MFAP5,0.00011381488620885392
LGMN,0.0001136746837949703
PHKA2,0.00011365915147673871
WDR90,0.00011360380568380865
C1S,0.00011353622083361457
COPA,0.00011331799273214576
ALDH1A1,0.00011318868335851103
POLB,0.00011299104442315922
HMBS,0.00011277785053844216
LDLR,0.00011258249462900091
CFLAR,0.00011247596690419915
GLS2,0.0001120485516482957
FAM162A,0.0001119684725841207
GSTM3,0.00011185829809034161
CDKAL1,0.00011142850271300818
TYRO3,0.00011126764756891314
GABBR1,0.00011096981488509059
ADCY1,0.00011056891929887863
UBA7,0.00011050267309737513
TRIB3,0.00011036574749515114
ANGPT1,0.00011036402746295565
HES6,0.00011029660445679552
PEG3,0.00011011022286079159
GBP6,0.00010992140194426569
CSRP1,0.00010982337668615367
AKAP7,0.00010980119984114854
ID2,0.0001096313647392644
POLR3C,0.00010958419674629489
FES,0.00010956713079392338
RPL39L,0.00010950283722091464
GPX3,0.00010946559724640314
NKIRAS1,0.00010934062512085487
ID1,0.00010931557873688682
VPS4B,0.00010920027730609527
VIM,0.00010917303290853438
UAP1,0.00010885858865111447
MX1,0.00010847794607086142
UBE2L3,0.00010844934546122879
PDE4B,0.00010844676952086035
CPT1A,0.00010834428387928947
TSPAN8,0.00010829692707606775
SORBS2,0.00010824364205397497
MVD,0.00010813993503813613
BCAM,0.00010808017855586956
BCR,0.0001080752960527364
CLU,0.00010806255282751167
COL9A1,0.00010801571099682484
COIL,0.00010801099453792877
RAN,0.00010792089173455996
SYCP1,0.00010753166130924173
SORBS1,0.00010751263861548888
F2,0.00010746570509433894
NUDT19,0.00010742358839775405
CLDN16,0.00010734256540197528
GZMB,0.00010724070522159714
WNT2,0.00010714739557614422
RPS10,0.0001071410857244238
PIK3CD,0.00010687063414336191
RIT1,0.00010676848984610726
GGA2,0.0001067629915460023
CASP5,0.00010607346298280888
NDUFV1,0.00010606020230560673
LOXL1,0.00010603134214965128
CRB3,0.00010582952925746453
CD47,0.00010554999793861703
ODC1,0.00010540279972148351
NR6A1,0.0001053094920814496
ABCA5,0.00010506657481262637
PCOLCE2,0.0001049961709217165
HSD17B4,0.00010480437494975028
ADAM23,0.00010479387608161907
SLCO1A2,0.00010476256240908416
LY86,0.00010474326426520707
ATP1B3,0.00010467364275161931
MICB,0.0001046698879689707
TPM1,0.00010465505518975274
TNFRSF9,0.00010445361371576131
NF2,0.00010439655695365764
HAS2,0.00010427147268760763
P2RY2,0.00010401767121937921
PIM3,0.00010399974717330281
TAOK2,0.00010387224378991851
ACVR2A,0.00010385447896459315
HUS1,0.00010376306334801496
HYAL2,0.00010362539593026196
PPP1R15A,0.00010360995376706415
ERCC1,0.00010307365289137715
EDN2,0.00010306159726540839
DES,0.00010299583262216983
TIMM17A,0.00010282839659531215
GTF2F1,0.00010281562015265203
CAMK2B,0.00010268964481189768
SLC1A4,0.00010267196549008616
CNN2,0.00010266714262540824
FKBP1A,0.0001026580184104884
ABHD4,0.00010263734349224287
CBR3,0.00010260400551350488
CBFA2T3,0.00010250946688967569
GCH1,0.00010232883021926157
LYPD3,0.000102249987211364
PPA1,0.0001021587281537667
POLD1,0.00010198893699616677
FUT4,0.00010190589483923896
DGKG,0.00010162700245432248
PCSK1N,0.00010156983831592086
LTBR,0.00010153354516148169
BARD1,0.00010145148288872064
SMURF1,0.00010142755280047327
PENK,0.00010124514020455461
ACTR3,0.00010098280217429233
MSRA,0.00010086373047557749
LSM1,0.00010082305336507608
GPNMB,0.00010072335967844362
AUH,0.00010072049957766192
TNNT2,0.0001006812428632468
SESN1,0.00010066561088453809
SGMS1,0.000100628782962855
NEDD9,0.00010053984199070541
XDH,0.00010053618311916767
RUNX1,0.000100463993473933
PHB2,0.00010019638988105554
CFB,0.00010017423160111606
EIF4E3,0.00010012520381326539
SLC25A23,9.985550205931934e-05
EIF3D,9.984432429191998e-05
S100A13,9.981376568771214e-05
FERMT2,9.968705941693833e-05
PVALB,9.966113977211336e-05
SURF1,9.96263307621947e-05
CACNA1B,9.96127822033648e-05
HSPH1,9.947551413228738e-05
ATP6V0E1,9.938703456288308e-05
EED,9.936004494950805e-05
ARF1,9.92890243716435e-05
PLA2G7,9.897695535584812e-05
GALE,9.896146287855295e-05
SVIL,9.883068538169567e-05
NDUFB3,9.863221628984134e-05
PRC1,9.857678941632999e-05
PIKFYVE,9.845252944377238e-05
NR4A2,9.841435467000059e-05
ITGBL1,9.83946059538067e-05
BCL2L10,9.834696537330771e-05
EIF4G1,9.819999126982549e-05
GLO1,9.796337918437686e-05
IFITM2,9.796154977536524e-05
TAGLN,9.792434613858251e-05
NAP1L2,9.78548352178954e-05
SSBP1,9.776700711265492e-05
PYCR1,9.773096359043123e-05
SLC12A2,9.769708245687547e-05
PAK1,9.766465748910987e-05
PHLDA1,9.754748486152648e-05
ABCB8,9.752208747900976e-05
TPI1,9.735158868748497e-05
PFKL,9.72671805849771e-05
MT3,9.706566427752813e-05
CTSV,9.684819362760241e-05
INCENP,9.675541574469088e-05
ETV1,9.660853470277696e-05
SNCG,9.659066579473257e-05
FRK,9.656608139777872e-05
CHRNA5,9.638776353376292e-05
FBXO34,9.633601955922957e-05
GSK3B,9.632195223408871e-05
ALAD,9.629546515453057e-05
TULP2,9.617384714731111e-05
PTPN2,9.610475092031311e-05
EXT2,9.60344180732462e-05
CEBPG,9.595212270105187e-05
ERRFI1,9.589850831771548e-05
OPN3,9.578439061980286e-05
UCK1,9.574446055911818e-05
LGALS7,9.557721619759917e-05
SLIT2,9.547931361272844e-05
COL16A1,9.524234791467077e-05
PSME3,9.52357759618082e-05
PFKM,9.508099254974848e-05
SRI,9.500116295476997e-05
TNFAIP6,9.485392910797218e-05
NDUFA5,9.481112848654798e-05
MYOM2,9.481054409215704e-05
CYP2E1,9.46962983231389e-05
PTTG3P,9.466041927355078e-05
FKBP4,9.465668778318534e-05
TDRD7,9.464454228267396e-05
PRMT3,9.455086970604575e-05
HSP90AA1,9.41582747820053e-05
BHLHE40,9.408539692290428e-05
ZEB1,9.398220717968086e-05
SS18,9.395712785937747e-05
SF3A3,9.373355738389516e-05
CBR4,9.373285178125491e-05
HSPD1,9.367456989294235e-05
WNT5A,9.350386981929763e-05
MKNK2,9.315863147972515e-05
HEXIM1,9.306790608392727e-05
HGF,9.298209786164012e-05
GAPVD1,9.293317480967638e-05
CCL2,9.292568123400036e-05
EXOC4,9.291413114858215e-05
DSC1,9.288077891315013e-05
DPYSL4,9.287436524845795e-05
XPOT,9.283060730582538e-05
MTCH2,9.273900438947134e-05
RXRG,9.26012886657405e-05
CCT6B,9.253524553378034e-05
OPHN1,9.246892127777779e-05
FAM120A,9.245702138459987e-05
SYNJ2,9.232133620890178e-05
MON2,9.229519841503239e-05
IGSF1,9.225167978454295e-05
ENPEP,9.223289990398769e-05
AMIGO2,9.202533893133753e-05
ICAM1,9.183405822393461e-05
CDC27,9.170958818710633e-05
ZNF639,9.1603875789055e-05
GADD45B,9.159024677599167e-05
LITAF,9.151335382890772e-05
PTGIR,9.138426834339399e-05
SEMA3C,9.126446883074803e-05
RREB1,9.102562851527335e-05
CLCN2,9.07710498580495e-05
DHRS7B,9.060327224281721e-05
SRPRB,9.045768672319215e-05
CYC1,9.033791426694297e-05
F13A1,9.033318202048975e-05
AMOT,9.012742411842612e-05
APBB1,9.004986567893109e-05
ZYX,9.003099482451537e-05
CBR1,8.996546882583179e-05
NKX3-1,8.993690017152132e-05
CLDN7,8.98393814476179e-05
LYAR,8.980468421369153e-05
SRSF2,8.976279938511328e-05
POLG2,8.975316240754345e-05
ACTC1,8.971589170058142e-05
ALCAM,8.969539354317276e-05
PDZK1IP1,8.964842289321469e-05
IFITM1,8.961310958435256e-05
GLCE,8.948951086286276e-05
RNF19B,8.917923840557026e-05
KDM6B,8.90978099258404e-05
FECH,8.905720889164623e-05
NDP,8.905477880721698e-05
TGFBR1,8.89388719129179e-05
CDK5R1,8.88598075608908e-05
CPB2,8.874003433137925e-05
MCM3,8.872545107520237e-05
KAT2A,8.870091098255987e-05
E2F3,8.834374187989526e-05
OXA1L,8.825694864536473e-05
SLC30A10,8.808198136216548e-05
AGO4,8.798499251013822e-05
FARP1,8.779567557244274e-05
KCND1,8.768391943767254e-05
AEBP1,8.763264003634579e-05
ATG4A,8.762739012393666e-05
PTPN11,8.724061514762302e-05
YPEL5,8.720628779148825e-05
SLC12A3,8.719329992975034e-05
TIPIN,8.707607938679361e-05
ASS1,8.698847324249352e-05
NPHP1,8.697958226491858e-05
ABR,8.696174956933214e-05
YWHAH,8.695356071907941e-05
PKHD1,8.688946887939398e-05
XRCC6,8.688393315416608e-05
CASP9,8.673156484073662e-05
KIF5C,8.669854318654152e-05
CYP8B1,8.667722530139051e-05
TOM1L1,8.66604718464384e-05
PSMD13,8.660365264055596e-05
BUB3,8.654002229377596e-05
SLC30A1,8.627297368663085e-05
UQCRC1,8.61880081844487e-05
KRT8,8.61643684599156e-05
ZFP36,8.610105628944584e-05
SLIT3,8.608453979965057e-05
G3BP2,8.603441490093716e-05
NTF3,8.602456779591664e-05
PPM1G,8.599537972236471e-05
NELFCD,8.593097332753929e-05
IER2,8.591301692077185e-05
ITGAE,8.54869193189919e-05
NAP1L1,8.546531790101538e-05
SNCB,8.545305909545749e-05
MYH3,8.542974499392314e-05
CAP1,8.514198357229698e-05
BCL2L2,8.500000975581658e-05
CCL19,8.493971708952008e-05
NABP1,8.486913550762243e-05
CASP10,8.486503786298686e-05
PRPF3,8.486236419691689e-05
DAAM1,8.484301415969691e-05
ISOC1,8.481039216748795e-05
CAMKK2,8.480991318579192e-05
PPARD,8.474605191347607e-05
MAPK10,8.471123144823674e-05
MARCKS,8.451314614945862e-05
HMGA1,8.450843426790823e-05
GADD45G,8.441664584856883e-05
CD207,8.426245936942551e-05
NNMT,8.424237511139397e-05
PTP4A3,8.424227583012977e-05
ARPC2,8.421064078410105e-05
LHPP,8.399729068360187e-05
TH,8.396858274292188e-05
ACTG1,8.390948123202143e-05
KDM3A,8.390263444588272e-05
ABCC5,8.382054834652774e-05
MIOS,8.36280603404314e-05
LDB3,8.361065897452136e-05
PYGB,8.340756240056871e-05
LIPE,8.318572363120166e-05
MVP,8.31194611573104e-05
ARHGEF6,8.293791735984882e-05
TNFSF9,8.291113668457815e-05
B4GALT4,8.287076805471615e-05
GALM,8.27744928326493e-05
WDR33,8.275978012042678e-05
VTN,8.272381038049097e-05
KLK1,8.271974994796845e-05
DEK,8.262907342964801e-05
PTBP2,8.26048233777649e-05
ANG,8.252219276047546e-05
MRPS30,8.234062636009533e-05
AK3,8.217075062072636e-05
GNPDA1,8.216103585586812e-05
LFNG,8.202262750984839e-05
PPFIA4,8.197267837430517e-05
GPRC5C,8.180235092396448e-05
MAN1A1,8.168257845665884e-05
KCNQ2,8.158192978402527e-05
FOS,8.155124411671619e-05
FBLN2,8.154324884047453e-05
BAG1,8.151229135598871e-05
EBP,8.150755871788515e-05
MYC,8.142423806118022e-05
BCL2L1,8.117421550760969e-05
AMIGO1,8.111863558991862e-05
PSPH,8.101701708214539e-05
GLIPR1,8.101611482185569e-05
YBX2,8.100028873551024e-05
ALB,8.098723557486971e-05
TRIM26,8.072336671457104e-05
SYMPK,8.061168325224945e-05
CD46,8.020199785911286e-05
JUN,8.01923504480057e-05
TSPAN5,8.011049075138979e-05
ATP7A,8.009725628393806e-05
ALDH2,7.99949034014934e-05
CCT2,7.991964871310331e-05
BAK1,7.990211875036086e-05
TLR3,7.986519587720345e-05
ACSM1,7.980417525393191e-05
S100A12,7.97820831544948e-05
FBXO4,7.975645645932554e-05
FN3K,7.968530383868917e-05
OCRL,7.968528979992217e-05
RAD21,7.95625084980546e-05
B4GALT1,7.950684489534295e-05
MAPK11,7.946077803194624e-05
FAS,7.935137400466367e-05
SULT1A1,7.928979391842837e-05
COX8A,7.923132000641453e-05
CTSO,7.907188634096878e-05
NDUFC2,7.900825191107059e-05
CCND1,7.900004111036424e-05
THRB,7.895295941806627e-05
GSTM1,7.890162604031412e-05
SMAD3,7.878432741290794e-05
HIBCH,7.86829572993271e-05
CUL4A,7.867601153435872e-05
AKT2,7.816189697828943e-05
PPRC1,7.81061940343392e-05
ATP6V0A1,7.805722963579478e-05
SNX9,7.804060237184794e-05
FJX1,7.800319589197207e-05
NOD1,7.800262164640192e-05
FBN2,7.790130175772189e-05
CHKA,7.785489700551844e-05
UQCRB,7.777017813211604e-05
SLC25A6,7.776518237950824e-05
MPPED2,7.771174793054421e-05
HSD3B1,7.761517576222111e-05
ADRA2C,7.747733073019275e-05
CLP1,7.747127723742435e-05
DPP4,7.739240035966052e-05
DUSP3,7.732391106104174e-05
TLR1,7.718782180380836e-05
HS6ST2,7.702687007799773e-05
GM2A,7.701941754410579e-05
DAPP1,7.699157979550053e-05
RNF213,7.695750433842113e-05
CAD,7.687049812464457e-05
FGF16,7.682639529507529e-05
FAP,7.664797662556118e-05
MT2A,7.660116043042069e-05
AKR1C3,7.637850364753769e-05
PITPNB,7.626704410479093e-05
UBE2D3,7.624525958689152e-05
AHCY,7.616091881392259e-05
RAE1,7.612044713312309e-05
PEX12,7.591529279515494e-05
STK39,7.590844135840118e-05
CD82,7.581927376601873e-05
SRPX,7.580280656471162e-05
NQO1,7.575360168544762e-05
MAP2K3,7.56854226915139e-05
ACTN3,7.568047018011254e-05
MPP2,7.56731650485038e-05
ACADS,7.56286078824866e-05
PSMD7,7.558123984339743e-05
ECHS1,7.537829649549925e-05
CDK2,7.533507003861854e-05
DUSP14,7.531831661819465e-05
OGDH,7.530031154302997e-05
E2F5,7.520078727927001e-05
PTPRD,7.51774996339483e-05
KLK2,7.517177077820565e-05
MMP9,7.51711358540692e-05
TUBGCP5,7.516404600426328e-05
RPL34,7.48492734935148e-05
BMPR1A,7.478122840303788e-05
CIDEA,7.474978761443568e-05
POMC,7.474128014218118e-05
MCL1,7.468035998636478e-05
PREB,7.465969050533273e-05
PEMT,7.462567838355246e-05
SLC16A7,7.450367737738879e-05
MTIF2,7.445157557411362e-05
SLC6A8,7.42448336536902e-05
PTGDS,7.42182562255088e-05
PTGR1,7.41220095417285e-05
MYH2,7.407083121894634e-05
NBL1,7.405758130817834e-05
NUDT11,7.403687383380837e-05
AHR,7.403197023806531e-05
RNMT,7.401852122532907e-05
CCT5,7.399319897444554e-05
MPG,7.392569488140533e-05
RAD17,7.387915225340438e-05
PTK2B,7.385370336202734e-05
NSDHL,7.377535069300527e-05
POLE4,7.377203245872268e-05
IRF4,7.376429730883766e-05
RASA2,7.362691144530454e-05
ADAMTS1,7.360723123780771e-05
IFIT1,7.357579647203951e-05
NDUFAF4,7.357281024748364e-05
ADM,7.355849412529063e-05
ELP4,7.353714807439043e-05
RNF144B,7.352676485412472e-05
LAMTOR5,7.351286801908003e-05
FKBP5,7.347465711334385e-05
PWP1,7.340765813229218e-05
SLC7A1,7.337856654870063e-05
CD36,7.318460760688897e-05
PRMT2,7.318175498012475e-05
ELL,7.31320935697922e-05
ATXN1,7.311692500070389e-05
STS,7.311393830350391e-05
ETV4,7.298751030074385e-05
ACTN1,7.294805581969116e-05
BDKRB1,7.285654731659173e-05
USP1,7.279785953175903e-05
KLHDC8A,7.266801553635663e-05
FGF17,7.266336094850837e-05
NR4A3,7.263715415479054e-05
EDEM1,7.256400388000521e-05
PTGES3,7.253753192141258e-05
SLBP,7.25227714238569e-05
MDM2,7.248605096387049e-05
GNA15,7.233229559734986e-05
MAOB,7.226709778011501e-05
TFF2,7.215640218409646e-05
PTPRR,7.214450599574405e-05
HTR1D,7.206512577633306e-05
DGUOK,7.199797034240516e-05
PSME2,7.194802162602235e-05
KATNA1,7.193128491223039e-05
LY6E,7.191801696754034e-05
POLR1D,7.178481285179179e-05
TMPRSS3,7.164904976571503e-05
SLC35D1,7.161996730788858e-05
NR1I2,7.159681054465204e-05
CLDN6,7.128146219981377e-05
XYLT2,7.104963179992531e-05
APLP2,7.098927735669702e-05
POLR2F,7.095601993914035e-05
ATF3,7.09349594843387e-05
KLK3,7.089916079884403e-05
PRKCH,7.083742012298418e-05
PLVAP,7.082502630339966e-05
BLVRB,7.068826029691514e-05
NUB1,7.068520034095551e-05
ADIPOR1,7.066362887653198e-05
ECD,7.064977240915048e-05
ABCA3,7.06273080187982e-05
SGCD,7.059664211114626e-05
TM7SF3,7.053580367023073e-05
TSC1,7.043446741168935e-05
SMARCC1,7.037055607895157e-05
EGR2,7.035669683877882e-05
DUT,7.010203678301449e-05
SKP1,7.005020528128087e-05
MARK2,6.998755975954605e-05
CNBP,6.9930025403033e-05
PCDH1,6.988532904103252e-05
TFPI,6.971132991526221e-05
PIN1,6.970610357146878e-05
PPIA,6.961648451078451e-05
COQ5,6.957284389915892e-05
ADGRA2,6.936322756441747e-05
FADS2,6.934014674511952e-05
PLEK2,6.925116657183077e-05
IRS4,6.923546902513433e-05
CITED2,6.919407504115238e-05
NUMA1,6.91727294204826e-05
ATP6V1H,6.916511400136661e-05
MAP3K1,6.916136439971111e-05
SOWAHC,6.913275023449993e-05
SIK1,6.896864359109901e-05
NT5C,6.895623128101734e-05
CUL1,6.891438465731612e-05
PCP4,6.877913829528987e-05
TNIP1,6.877257320753498e-05
DOCK10,6.874458175038111e-05
PIAS1,6.870784144757173e-05
FABP2,6.86587400638689e-05
HCLS1,6.861790627972023e-05
PICK1,6.843990803403728e-05
MEF2D,6.842671698914468e-05
EIF3J,6.837819524012167e-05
MAML1,6.837122670672421e-05
RHCE,6.832552286525876e-05
NPTXR,6.829364847025073e-05
PSMD1,6.827585110906039e-05
MPC2,6.825920669887695e-05
EIF4E,6.813725631119204e-05
DDX25,6.812847802282451e-05
DYNC1H1,6.810348242613232e-05
ABCB11,6.80004588082872e-05
NME1,6.79798115529235e-05
ADH4,6.796562261594406e-05
HAO2,6.789088768028516e-05
MAP2K5,6.77099560421755e-05
ADAM15,6.765131060106343e-05
POLR2K,6.764655347291516e-05
SGCE,6.762529238949973e-05
MYOZ1,6.757112484536252e-05
GRK5,6.742205623849755e-05
SLC22A12,6.734438260151732e-05
RRAS,6.730024070552381e-05
SUV39H1,6.724614698454956e-05
CDCP1,6.720124780685107e-05
TAT,6.716174610615261e-05
ARID4B,6.715240765082538e-05
SMC1A,6.704680131491427e-05
HSPA8,6.700671743603495e-05
ASNS,6.696125482249065e-05
IQGAP2,6.68234173046518e-05
KLHL24,6.680408332356917e-05
NTNG1,6.676811401882572e-05
SPRY4,6.670008928370988e-05
IP6K1,6.668709634625971e-05
SAMD9L,6.667684688387025e-05
RPS27L,6.667151281313218e-05
CCL20,6.666235122333706e-05
NANP,6.661472419972074e-05
CDKN2C,6.65514542624584e-05
IL17RA,6.6529696271274e-05
RTN3,6.639871449889078e-05
BNIP3,6.625603001539133e-05
PNN,6.624484029384323e-05
TFB2M,6.61088736580182e-05
ADA,6.607574694383052e-05
JMJD6,6.604468965306987e-05
PDK3,6.600573611199515e-05
HLA-C,6.593867657638162e-05
MAPKAPK2,6.592801606126252e-05
AGGF1,6.586676925190646e-05
CDH4,6.584112341265444e-05
KDELR3,6.582345168172898e-05
ABCC1,6.581105481776313e-05
ACKR3,6.56952926550025e-05
MYBBP1A,6.565225158040637e-05
PLOD2,6.564394958247452e-05
P2RY14,6.55870143847591e-05
FBL,6.556089555635968e-05
LPCAT3,6.55331774129283e-05
ADAM8,6.543134283427688e-05
CLPS,6.526494098966983e-05
RHOBTB3,6.524437024522566e-05
CASP2,6.522351773340318e-05
MEF2A,6.516408164989132e-05
SERTAD3,6.494515120246946e-05
PYGL,6.490636047594967e-05
GCKR,6.469464302451551e-05
PC,6.465753857242578e-05
SLC22A1,6.464576333524769e-05
ISG20,6.462041331972961e-05
SLC25A3,6.459055731347445e-05
CDC42,6.456951598748948e-05
DHX58,6.45299337981564e-05
ADCYAP1,6.451040243468199e-05
LAMC1,6.440290755789259e-05
MPC1,6.423733002874167e-05
C9,6.41878171716109e-05
DNAJC15,6.394959859912869e-05
CASP4,6.389551201904789e-05
GSPT1,6.367821303012015e-05
PKP3,6.364885529909137e-05
FGA,6.361535807337048e-05
ARPC3,6.359321770846859e-05
AIFM1,6.349656786026653e-05
HSDL2,6.345211769809856e-05
ITGAL,6.343010312224724e-05
TRIM10,6.340181751604685e-05
BDNF,6.332290658249269e-05
SLA,6.321766944207706e-05
AGRN,6.316274871476811e-05
HAX1,6.314004629362006e-05
SPSB1,6.286512061160037e-05
ATP6V1C1,6.285523534472582e-05
SMS,6.28478423257252e-05
DECR1,6.282340730231544e-05
IFITM3,6.273122471470753e-05
DNAJC3,6.268602475624124e-05
NFYA,6.26676226364076e-05
TMEM8B,6.265875483186414e-05
SERPINE1,6.264592177838503e-05
SLCO2A1,6.262623908494322e-05
ARHGDIA,6.26094867008466e-05
PABPC1,6.255246995241193e-05
ACRV1,6.250907682906165e-05
PLXNB1,6.247978691661884e-05
NCOA3,6.243559576094231e-05
MRAP,6.241713776563829e-05
UBA2,6.235876530872818e-05
P2RX4,6.234533587010845e-05
VCPIP1,6.233827938143015e-05
AOC3,6.22585998019447e-05
LHX9,6.225216967838572e-05
APOC1,6.221101736327548e-05
USP14,6.219477697284803e-05
BSG,6.216629425352128e-05
MRPS11,6.215649526722748e-05
EXOSC2,6.207653925395537e-05
PDIA6,6.207104845848342e-05
RELB,6.199183668925839e-05
ICA1,6.197502368562104e-05
DHRS7,6.197289004634199e-05
RRM1,6.196501697620983e-05
TAF12,6.196295557281783e-05
ABCB1,6.172537669856108e-05
NBN,6.168015850528379e-05
RBP4,6.161966714335092e-05
TMEM140,6.160976961565509e-05
ADIPOR2,6.160189259100105e-05
ADAM9,6.15506951792565e-05
HACL1,6.150517417320413e-05
MYD88,6.125216724762055e-05
NUSAP1,6.124418923296708e-05
PBX2,6.123482067723528e-05
TIPARP,6.120892487025727e-05
SCG3,6.112397437030405e-05
DDX21,6.106768471262299e-05
MAPK13,6.103890405028078e-05
PDGFRB,6.102309677254376e-05
MYL9,6.0999047400926917e-05
PPIF,6.083898693873083e-05
ICAM5,6.0728726314049837e-05
TMEM176A,6.0628483135594516e-05
COL1A2,6.0603847144659085e-05
NOTCH2,6.047906659803459e-05
ITGA6,6.0409969274584745e-05
FEN1,6.040870723306964e-05
PAFAH1B1,6.038444291531265e-05
CCDC106,6.03592430857129e-05
PPP1R15B,6.01909136056016e-05
CCNG1,6.015578826019401e-05
SYT11,6.01106728258981e-05
USP11,5.9991771946831146e-05
JAG1,5.994631540722751e-05
MIOX,5.9874069441108133e-05
IL6,5.9855869782439766e-05
HES1,5.981605827759764e-05
SEC24D,5.978276343848109e-05
HSPA13,5.9678964363781946e-05
CLDN4,5.961454811534006e-05
RAB40C,5.95995729105534e-05
ABL1,5.9465760017502235e-05
ASCL1,5.9408152129289076e-05
NFKBIA,5.9358805917389623e-05
SCAMP1,5.9352594840287667e-05
WIZ,5.934439997323259e-05
EPCAM,5.9307191846465275e-05
PMP22,5.927440923124707e-05
CANX,5.925139067011753e-05
TNNT3,5.91855445996361e-05
MPO,5.9156274910514255e-05
EPHX1,5.914968731779377e-05
IRF6,5.9146554146468105e-05
AP4B1,5.9119644277981274e-05
RPL18,5.909440383987839e-05
PSMB10,5.9056290316954665e-05
PDE4DIP,5.898861965742208e-05
CXCL9,5.897195855988814e-05
FNTA,5.895462659921155e-05
NTRK3,5.890189488029598e-05
PHF5A,5.881082903696588e-05
PSMA7,5.876920582226161e-05
STRBP,5.876098966274557e-05
ENG,5.8704546106901764e-05
CTCF,5.8671499028183306e-05
GMPPA,5.857706323895964e-05
P2RY1,5.852587551940792e-05
CSE1L,5.8488329097389944e-05
SERPINA10,5.848445195891436e-05
RPN1,5.842081078968836e-05
SNRPA1,5.839265246172543e-05
FKBP2,5.8389663069897586e-05
POLD2,5.836023823872949e-05
DDB1,5.831883397578678e-05
GMPR,5.8306704566293485e-05
ITGB2,5.830252075743744e-05
CD209,5.828043599452073e-05
SCAF8,5.82562260817118e-05
MYOG,5.818369103473375e-05
PKD1,5.816689189375484e-05
CLN5,5.812368632197393e-05
ELF3,5.809940121529826e-05
COQ3,5.798092320391282e-05
CD9,5.787183252337017e-05
RABEPK,5.7816136794784474e-05
SRSF1,5.781479907385076e-05
CGRRF1,5.780369362768796e-05
HYOU1,5.780132149353065e-05
CAV3,5.7797799083179945e-05
B4GALT2,5.773615567394684e-05
MAST3,5.755869163772219e-05
MTOR,5.7524960212719104e-05
CKM,5.749555919414757e-05
SLC23A2,5.746954598949237e-05
GPR132,5.740982891761632e-05
WASF1,5.732780223737131e-05
PSMC3,5.723991009321604e-05
DLC1,5.7236938358537715e-05
ARHGEF7,5.712947401291345e-05
DEPTOR,5.711952797632429e-05
DCX,5.6988914311797386e-05
CSRP3,5.6874245868299025e-05
GRM8,5.686894945920279e-05
GPHN,5.683647301436684e-05
NAB2,5.6834691814300716e-05
ARL8A,5.6789027816377004e-05
HOXB9,5.6716127939757615e-05
LSR,5.6710920813296154e-05
SERPINA1,5.6631183769760525e-05
HNRNPA1,5.661820640537503e-05
VBP1,5.655155670007926e-05
BMP1,5.6545657849304675e-05
LPAR1,5.653856968701453e-05
FGF22,5.6516568581725185e-05
EPSTI1,5.645490275398694e-05
SYT13,5.644238673231911e-05
PARD6G,5.6431500168780114e-05
IFI27,5.6430421278535914e-05
DDX60,5.641878456636149e-05
RHOF,5.6381620923539406e-05
GYS2,5.637955921311447e-05
CHCHD10,5.6350317464528225e-05
FGGY,5.631358502137007e-05
MAK,5.622636632735999e-05
GPAM,5.615079603592577e-05
IL11,5.613793840323913e-05
DCXR,5.6102830422260096e-05
CHUK,5.600108556339915e-05
EIF2AK3,5.600016759619321e-05
HLA-DOA,5.5952517771949565e-05
NR1D2,5.595234018180732e-05
APOBEC3G,5.593731864386213e-05
AAAS,5.591188160074217e-05
MST1,5.590302420173331e-05
MAP3K7,5.589742515511673e-05
ME1,5.577339183643582e-05
CEP57,5.575723699724456e-05
PGLS,5.5722753423625184e-05
SLC29A3,5.562611070406803e-05
BCAP31,5.5496948009583275e-05
ORC5,5.541830185586078e-05
SAMM50,5.5409348512775006e-05
TMED10,5.538431905854109e-05
PURA,5.536158532531624e-05
CDKN2B,5.535629320038367e-05
VDR,5.528272924815428e-05
FGFR3,5.525521868066555e-05
CCDC28A,5.5223204216876655e-05
UTP20,5.5178398279697206e-05
SERPING1,5.514392568570064e-05
RNF4,5.5141549186939075e-05
CEP192,5.512297233421859e-05
SHC1,5.511724775901168e-05
TGIF1,5.507621576395625e-05
ANK1,5.505934797753991e-05
KRT31,5.503590078160559e-05
RTN1,5.4915880171480525e-05
HDAC3,5.4914832941825664e-05
LALBA,5.484005874630973e-05
LIG3,5.480004226235017e-05
DGKA,5.4773413832829474e-05
NRIP1,5.47445744568108e-05
SRSF10,5.471526067414256e-05
LDHA,5.4696732716358574e-05
NDUFS1,5.465996962691177e-05
CTNNB1,5.465748797357988e-05
SIRT2,5.463316888488839e-05
JAK1,5.462212308339333e-05
PLK3,5.459110020784478e-05
SLC2A5,5.45775676030763e-05
AP2M1,5.4576446490040856e-05
LTBP2,5.456211738116316e-05
TAX1BP3,5.455890701378597e-05
GALC,5.455683130306174e-05
SGCG,5.4544157964492925e-05
NFKBIE,5.426357171494834e-05
HDLBP,5.422651941690686e-05
DEGS1,5.4150812672416566e-05
PSMA3,5.41383625364821e-05
MYOT,5.41117037555381e-05
ITGA2,5.40888226254903e-05
CD79A,5.407490841837991e-05
ISCU,5.400300619246062e-05
GLUL,5.397865877028142e-05
RPA1,5.395889071350674e-05
TIMP3,5.3946808909077486e-05
P4HA1,5.385359740174591e-05
TNFRSF1A,5.375476498829814e-05
RPL14,5.373248541463161e-05
F11,5.3618244440094204e-05
SPOCK1,5.3604896303239226e-05
DNAJA4,5.3541282982741137e-05
TAS2R4,5.34344896632763e-05
NKX6-1,5.3433944343056865e-05
PTPRM,5.3358342933616576e-05
CCRL2,5.334510294089619e-05
HSP90B1,5.330765704738672e-05
SPOP,5.3245068969375115e-05
CDK7,5.322689068984504e-05
OLFM1,5.316711948967509e-05
NGB,5.313971847693561e-05
TSPO2,5.302911385608875e-05
SHOX2,5.30111679773478e-05
STIP1,5.29943266165233e-05
CHAF1A,5.298202618517147e-05
ABCB4,5.2933089183041394e-05
SPR,5.27536300834207e-05
CDKN2AIP,5.2584126015316566e-05
NOS1,5.2564899037565504e-05
FLT3LG,5.256176297276115e-05
NT5E,5.254070501592456e-05
HSD17B11,5.2534488542197706e-05
SP110,5.251473936958878e-05
ATP6V1B1,5.244764419977381e-05
MAPK14,5.2319130034822975e-05
IGFBP2,5.2266280974613466e-05
NINJ1,5.213553831109736e-05
STAT1,5.20624459272361e-05
TSG101,5.201724081089555e-05
SDHB,5.20156018674259e-05
FDXR,5.197708153399469e-05
USH1C,5.195329967500403e-05
ZNF292,5.190239305419181e-05
THBD,5.190022338400577e-05
PRSS2,5.189710673142848e-05
BLCAP,5.175179860572048e-05
ACOX3,5.173243258919102e-05
ABCG8,5.167345158828981e-05
ITGA10,5.166340787212781e-05
SRXN1,5.1662629877403905e-05
AKAP13,5.155987185125446e-05
IFIT3,5.155888638290969e-05
PTRH2,5.152522684839176e-05
SMAD6,5.126864786473268e-05
KIFAP3,5.105317854081946e-05
PRDX3,5.1021731278831216e-05
SKI,5.1012790956273024e-05
C1QBP,5.093528461069864e-05
DCP1A,5.084177236243022e-05
CASP7,5.082609454598584e-05
ACAA1,5.082347111273535e-05
IRAK1,5.082315331690354e-05
ADGRE1,5.080373155343386e-05
PLCG1,5.076811857043985e-05
SYT12,5.0763311639108326e-05
RPS19,5.075688517529376e-05
ECI1,5.068884981620482e-05
CASP8AP2,5.060308970694453e-05
PRDX4,5.059837905242956e-05
PDHX,5.057219255599308e-05
KEL,5.053557787658725e-05
PSMA1,5.0518052358409295e-05
UBE2J1,5.049140402708744e-05
STRN,5.0314229874234136e-05
SERPINB6,5.030417466437928e-05
GCLM,5.026162888730856e-05
TPM4,5.0232934514826725e-05
RPL22,5.022837061299801e-05
RDH16,5.0202935376822525e-05
PPARG,5.0188905894242156e-05
LMO2,5.0156771687724516e-05
SEC22B,5.013915041351515e-05
LRPPRC,5.0130931056312515e-05
CTNND1,5.012495164489282e-05
RIPK1,5.0112318763826326e-05
F2RL1,5.0090405450450466e-05
IFNAR1,5.0083288132723445e-05
U2AF1,5.008082806452019e-05
GNE,5.0066716109761894e-05
MAP3K8,5.0013823797766565e-05
SNAI2,4.999693763381026e-05
EIF5A,4.9995379377638006e-05
FZD8,4.994476009222773e-05
TIMP1,4.987124433318393e-05
MNAT1,4.976257066854071e-05
ATF4,4.97537600889627e-05
OXT,4.9743351294911246e-05
STAU1,4.967687880096619e-05
UFM1,4.959752516950482e-05
PEBP1,4.950386841914207e-05
IGFBP3,4.946554492632951e-05
RPA3,4.946198056909973e-05
SPRR3,4.942534991738584e-05
DGKH,4.9419459920071465e-05
RMDN3,4.941626289762348e-05
RNPS1,4.939641735258065e-05
TCN2,4.936851467842198e-05
WAS,4.936261983891227e-05
OSMR,4.9332547093963585e-05
WNT16,4.931996022650879e-05
CAB39,4.931988861249858e-05
DNM1L,4.922004661474866e-05
GMPR2,4.919429912073397e-05
BCAR1,4.9104360653257926e-05
DHFR,4.8978464766582036e-05
KAT2B,4.888259607629603e-05
BRDT,4.8878310767699445e-05
DDAH1,4.8831548239857016e-05
AXIN1,4.8774505548983363e-05
PEX7,4.874139589374933e-05
TNFRSF1B,4.86893647937354e-05
DYNLL2,4.8645488002256896e-05
CNOT2,4.860821634509688e-05
GHITM,4.85949457558473e-05
MADCAM1,4.840154078051307e-05
ELK4,4.838115027171778e-05
RHOT2,4.835218940414907e-05
NNT,4.820961612432832e-05
IRF9,4.8106244894633906e-05
ORC2,4.802413804743876e-05
SUN2,4.801705065343122e-05
DBT,4.8000797502061766e-05
CSRNP2,4.799502074469047e-05
SRP19,4.7963584695021764e-05
ISG15,4.7890911571826294e-05
BTG1,4.775707932098745e-05
ID3,4.774884957900907e-05
ELANE,4.7719447176529945e-05
PRDX6,4.757006812793866e-05
STAT4,4.755622776179619e-05
CLTA,4.750438619067108e-05
ZNF365,4.745920098287648e-05
FTL,4.739710140007968e-05
IL18R1,4.737779310508199e-05
PRM2,4.732379614817676e-05
ARPP19,4.731003991361638e-05
CCNA1,4.726075503451238e-05
ABCD2,4.723875977154456e-05
PDHA2,4.703130795616911e-05
PANX1,4.695565574769701e-05
NLGN2,4.695363897818213e-05
HNF1A,4.6913861049842486e-05
HAS1,4.669895194051403e-05
EPHX2,4.666529833926192e-05
NIP7,4.665697741565416e-05
CNN3,4.6651216499813124e-05
NGF,4.664000502957186e-05
FDPS,4.6632862895966333e-05
RAPGEF6,4.6480797266453433e-05
C5AR1,4.6450702569884436e-05
CREBBP,4.6439840181309433e-05
RAB4A,4.643387171042705e-05
COX6A2,4.642748852754e-05
ACADM,4.639375153901434e-05
RPS6KA3,4.634999593672402e-05
SDF2L1,4.632442119599459e-05
TPRKB,4.6320322247222935e-05
MRPL11,4.627206936201936e-05
ARPP21,4.624084804600409e-05
VNN1,4.622377627763276e-05
TLR6,4.621622096090003e-05
THNSL2,4.61582600016924e-05
MEP1A,4.612006442465014e-05
NKX2-5,4.6073095499478135e-05
HSPB8,4.604709507752653e-05
POLR2E,4.5981694828501246e-05
SERBP1,4.595623384702932e-05
PRPS2,4.59490834235261e-05
NUMB,4.587304780214732e-05
PGRMC1,4.5825218504260844e-05
ROCK1,4.581331113177316e-05
LAMA1,4.579877503773096e-05
ACHE,4.5705711158249175e-05
ACOX1,4.568001826298813e-05
IP6K2,4.566595378185478e-05
ACOT2,4.56181389597244e-05
CYP2J2,4.559840423655739e-05
RAB9A,4.5567725357019e-05
RBPMS,4.551430327052205e-05
CRLF1,4.550171098814853e-05
KLF1,4.542328481480311e-05
NTM,4.535060694062715e-05
BMP2K,4.531951868605939e-05
SHE,4.530391347357494e-05
WNT1,4.530300578639762e-05
ACVRL1,4.524881918640781e-05
GNAI3,4.5202852420526375e-05
SHMT2,4.5189265505913706e-05
GSG1,4.517433975811175e-05
FXN,4.514963577499916e-05
ZC3H12A,4.503549548876576e-05
PPP2CB,4.497849606837749e-05
COL5A3,4.494599221731177e-05
RGS11,4.494473696276556e-05
ITK,4.489960264193941e-05
TFDP2,4.489053080097674e-05
CTSL,4.4839227711097335e-05
SEMA4D,4.4818739269470385e-05
ERCC5,4.478141182591216e-05
SLC19A1,4.4771318994938166e-05
SLC25A11,4.4762239014701636e-05
RB1,4.475122252032702e-05
PHYH,4.474654480731929e-05
CLIP2,4.4615806234614205e-05
ASF1A,4.4614857827345314e-05
ATP2A2,4.4554159713422244e-05
PLAU,4.446965568695759e-05
IL4,4.4361803000116254e-05
IMPDH2,4.433153508420974e-05
GNB4,4.43178847498263e-05
IDH3G,4.42631325106354e-05
TNFSF15,4.4253998394525654e-05
IL1A,4.422630775946804e-05
ITGB4,4.418056063547767e-05
DYNLT3,4.410593228548212e-05
HDAC2,4.410084701355173e-05
EPHB2,4.409612829797144e-05
ITGB3,4.406599204838903e-05
PHKG2,4.405153622787775e-05
TNNC2,4.383199706299861e-05
ADSL,4.3801264979212064e-05
TIAM1,4.375920581895874e-05
CRYZ,4.375530405504211e-05
ORM1,4.375048514996198e-05
ARRB1,4.372205270300979e-05
IDS,4.3697187061030516e-05
PINK1,4.368139913103853e-05
CCND3,4.367427471642942e-05
RALBP1,4.363064949162302e-05
CSF3R,4.3619002161337465e-05
CD74,4.358286463784217e-05
SNAPC4,4.3577891948535145e-05
PAOX,4.35114390919486e-05
FHL2,4.347334653596322e-05
NDUFB7,4.337718315510651e-05
DVL2,4.330708574226736e-05
JAGN1,4.3133233118421175e-05
NUPR1,4.310987452251341e-05
WNT5B,4.310265659276602e-05
RTN4RL1,4.303645610327879e-05
VAMP4,4.29674524134563e-05
GPX4,4.2916650064060965e-05
GPR87,4.291592737536748e-05
BDH2,4.287973803997903e-05
OXSR1,4.2879266872204586e-05
IER3,4.2810543199489876e-05
POLR2C,4.275598567885827e-05
HELZ2,4.270468045247926e-05
MAPKAP1,4.265708813376806e-05
ITIH4,4.264154761623832e-05
ST3GAL4,4.256242439599023e-05
NMU,4.250627408384336e-05
ABCC3,4.2501680845009994e-05
ANGPTL4,4.2493965474795795e-05
MSX1,4.245390052328552e-05
RAB3GAP1,4.2392468262832565e-05
NCOA4,4.234234027090087e-05
RPL36,4.232736270791956e-05
ANKRD2,4.227208590644958e-05
TSHB,4.226369075827353e-05
ELF4,4.222894904828702e-05
CD44,4.2194464638831326e-05
CNDP2,4.216827958915167e-05
C5,4.2160900475065806e-05
IL5,4.2150110461559456e-05
RPS6,4.209380133418917e-05
RIBC2,4.2085784195088383e-05
EIF5,4.2080087772945796e-05
TRAK2,4.207376634032142e-05
SLC4A4,4.203806145244151e-05
HR,4.197843308610198e-05
PECAM1,4.19729483901011e-05
FCGR2B,4.188164478032659e-05
STAG1,4.186427659474273e-05
NDUFS4,4.185892662978072e-05
SLC6A6,4.1850967328448876e-05
ARHGAP4,4.180111287839319e-05
MRPL35,4.1794845837838694e-05
DYRK2,4.1714666534172054e-05
NDUFA8,4.17062929991213e-05
CXCR4,4.1653005217974e-05
MAFB,4.163759314643004e-05
CRLF2,4.162268738380145e-05
TALDO1,4.158435087576896e-05
MBOAT2,4.155458061207259e-05
PIK3CA,4.150171737888125e-05
CTSS,4.15014955160378e-05
ARHGAP29,4.149321361187248e-05
APOE,4.139251960797076e-05
IFNGR2,4.1366565959868506e-05
ENO3,4.136214543642049e-05
SCRN1,4.1286245262945814e-05
CLPB,4.117698057217893e-05
FBXO7,4.116296309936792e-05
PTGIS,4.111888076663325e-05
PRKG2,4.1056904647577824e-05
RBM5,4.1034913209453926e-05
DCPS,4.1030152479631445e-05
ALDOA,4.102977829043108e-05
LAYN,4.102627030170814e-05
NLRP3,4.096954939542155e-05
NLGN3,4.093677721976533e-05
ACTN2,4.09112120524267e-05
CRISP2,4.081625339328712e-05
GCDH,4.07653041068786e-05
TPM2,4.0751986629575765e-05
ALS2,4.0726666664319746e-05
POLR2H,4.072652210140705e-05
PIPOX,4.0723199751059195e-05
GPC1,4.0702766533611275e-05
DDB2,4.069787123005422e-05
RBM14,4.068651419046493e-05
GDE1,4.068431393549537e-05
SDAD1,4.0683708976144926e-05
GSTZ1,4.0615446870407855e-05
GTF2B,4.059812512095141e-05
PDCD4,4.05920599055705e-05
VDAC1,4.0586243248933536e-05
CSF1,4.051764817210035e-05
PIAS3,4.049909143161673e-05
APPBP2,4.04984552611439e-05
MGAT1,4.048781123903257e-05
SNRPD1,4.04595697979165e-05
COX7B,4.0440337992618084e-05
HSPE1,4.0412710517288165e-05
HADHB,4.041247054313183e-05
DNAJA1,4.040549450761063e-05
ALMS1,4.036034116337993e-05
ATP6V1F,4.024043141532126e-05
NCSTN,4.0126244987305075e-05
HKDC1,4.008973456172899e-05
SIAH1,4.007152775539624e-05
CYP17A1,4.004123302438125e-05
CADM1,4.002993700594046e-05
MLLT11,4.001140897103628e-05
IKZF4,3.999687828012925e-05
APOM,3.9987414819745856e-05
KCNN1,3.998368668267013e-05
GATA1,3.994783821760851e-05
CUL5,3.99444062292045e-05
PEF1,3.990373156455845e-05
IL9R,3.990148979324711e-05
IL2RB,3.9865267773832207e-05
AVPR1A,3.9846627563826356e-05
PGLYRP1,3.983388274683236e-05
YWHAQ,3.982633057467429e-05
IFI35,3.9812828875660536e-05
TNNI3,3.979816191442813e-05
ERGIC3,3.9752463534399187e-05
SEC14L1,3.973590780413125e-05
VPS28,3.959530642818668e-05
NAA38,3.958352211903672e-05
EIF3A,3.95643188891072e-05
TOP1,3.955277500221304e-05
CYP4F2,3.9473009175995446e-05
DLAT,3.9471985415633e-05
THBS1,3.946443399171313e-05
YTHDC1,3.9379158524275836e-05
PRDM4,3.9352682723710274e-05
KALRN,3.930940474681113e-05
ACAA2,3.9303861477792585e-05
ATP2B4,3.9272452609169876e-05
DNAJC1,3.919873001769237e-05
ADAR,3.913551128733215e-05
HAGH,3.911942152937552e-05
DCN,3.9076065520236646e-05
NMT1,3.907133633527624e-05
SCAF4,3.899953100345578e-05
BAIAP2,3.896543331825267e-05
P3H1,3.8949732252311516e-05
ARF6,3.892811871106998e-05
DIABLO,3.885457256591615e-05
ALOX15,3.870823191919325e-05
PNPLA8,3.868792030974191e-05
CALR,3.868294088930953e-05
HRAS,3.8671981428543336e-05
ETFB,3.864247641728489e-05
TNNI2,3.862342738247311e-05
CR1,3.859492955191431e-05
IGFBP7,3.8524621650641966e-05
HLA-E,3.8469846231258834e-05
YWHAG,3.8467925827913475e-05
JAK2,3.842011602549224e-05
SFRP4,3.830391827256397e-05
UQCR11,3.8264082570664754e-05
RRP8,3.825710042812298e-05
DR1,3.824367771975759e-05
IRF5,3.824080193035659e-05
LOX,3.823949855553184e-05
MRPL3,3.8222992864504785e-05
PPM1A,3.819478819925608e-05
BST2,3.815158428297107e-05
RHD,3.811505121811231e-05
NPFFR2,3.811029000788427e-05
DOCK2,3.809000488337789e-05
GMPPB,3.807761107988757e-05
NME3,3.8075926553523905e-05
EXOSC8,3.8066481378232446e-05
COL3A1,3.803822675467529e-05
ABI1,3.8027852111080786e-05
FANCC,3.801796515339448e-05
IL4I1,3.7974921309453735e-05
CTSB,3.79539203750855e-05
POM121,3.792338322227981e-05
ERN1,3.79114396314287e-05
EHD1,3.783417983656443e-05
DMP1,3.783360700022332e-05
AADAT,3.764671917227248e-05
EHHADH,3.7642219908538085e-05
PITX2,3.7608035458690064e-05
MAP7,3.75865647371239e-05
COCH,3.753283563724415e-05
EFNA1,3.752434508474396e-05
RNASEH2A,3.751216281193559e-05
DNTTIP2,3.7486835967857465e-05
NUP153,3.744801867292264e-05
NDUFA6,3.743019442184281e-05
COL12A1,3.7332482161563565e-05
NDUFV2,3.727868258355482e-05
HNRNPC,3.726538881465596e-05
PCM1,3.72620192477226e-05
BTC,3.723324354178187e-05
CTHRC1,3.722906255014392e-05
HMGCS1,3.709978033150087e-05
MAPRE3,3.70919374276388e-05
AGER,3.7091344973626746e-05
CCNT1,3.706899288087142e-05
POLL,3.706385957683226e-05
CACNA1F,3.702536454611016e-05
MAPK1,3.6951917193891636e-05
UBQLN1,3.693670903165658e-05
DNMT1,3.693163031454061e-05
COL6A3,3.692646797930979e-05
PRPS1,3.6797143007561746e-05
FASLG,3.67836062760808e-05
PTPN1,3.671022253179412e-05
ST3GAL5,3.669556225017298e-05
ATP1A1,3.667206464425719e-05
NPM1,3.666801020289336e-05
HSPA5,3.665084465160143e-05
ITGB1BP2,3.663427998473163e-05
LCLAT1,3.6628450552076925e-05
MAGEE1,3.6591300355046447e-05
IFI30,3.655292046187373e-05
TATDN2,3.654414965061517e-05
PLEKHG2,3.653366671440114e-05
CBL,3.6485501798653465e-05
SOX9,3.647599453063511e-05
RPS2,3.6463161090686776e-05
PTPN21,3.6389687480445015e-05
OPA1,3.636407466959252e-05
NDRG1,3.635146106668936e-05
B4GALT5,3.634463998811742e-05
AQP9,3.62746679534318e-05
ARL4A,3.625229027476193e-05
AMBN,3.622380342637252e-05
TNNT1,3.6192409139217414e-05
GFI1,3.6191080667290664e-05
SCG2,3.617083997860022e-05
BGN,3.616812927712676e-05
CSF3,3.607244609075714e-05
BACH1,3.6019328720413494e-05
GSTT2,3.6010005360365454e-05
TKTL1,3.6002402692414474e-05
DCTPP1,3.59922613138809e-05
APLNR,3.59705978971454e-05
RXRB,3.594227898255155e-05
COX11,3.5871969090617746e-05
SLC25A20,3.5856880057139044e-05
MYO9B,3.5837708245445875e-05
AMACR,3.581047406724994e-05
EIF4A1,3.580001987514519e-05
RNH1,3.576812503807755e-05
TGM2,3.572180989571436e-05
MDGA1,3.564286662682028e-05
CCL22,3.546397135444424e-05
PLEC,3.5425604327435256e-05
NF1,3.538786864084463e-05
ACSL5,3.534570447281908e-05
NDST3,3.5290172522901045e-05
GADD45A,3.528357926814314e-05
CTSK,3.527304282079852e-05
IL32,3.522692772226399e-05
COL6A1,3.510461396676979e-05
G6PC2,3.510435355468568e-05
SDHD,3.509535291974612e-05
TEAD4,3.509426797155291e-05
MYH7,3.5056831931623415e-05
OAS2,3.5010627174458816e-05
NDUFV3,3.488354065052934e-05
THEM4,3.488306319443709e-05
P4HA2,3.487509093010818e-05
PCDH7,3.481013001879457e-05
SNX2,3.480920548272058e-05
BMPR2,3.477464396180214e-05
ATG4B,3.4767955819368655e-05
HMGN2,3.473331872078583e-05
HSPA2,3.473135489836668e-05
LRP1,3.4683349040538415e-05
CTNS,3.4649104983436014e-05
LAP3,3.464048768141656e-05
AIFM3,3.4623902542391704e-05
SCG5,3.4552615180970696e-05
AK2,3.452419496590312e-05
LUC7L3,3.450903857769826e-05
AFAP1L2,3.447965479879089e-05
NAPG,3.441223761854793e-05
TAL1,3.441203082099296e-05
VCAN,3.439891057878618e-05
FZD2,3.43821774409203e-05
PSMB2,3.438172255487304e-05
SELP,3.438061262157377e-05
CD70,3.4344391152329265e-05
NRCAM,3.432212983060346e-05
IRF8,3.426521234160502e-05
PDS5B,3.424607323554735e-05
SOAT2,3.42411360298184e-05
MSH5,3.418678367333487e-05
PDHB,3.41760829821879e-05
PAM,3.413950022614463e-05
ACO2,3.412745894897764e-05
CTSZ,3.409293670675113e-05
GTF2H1,3.407531166356083e-05
MTHFD2L,3.406994959599788e-05
MOCOS,3.4049574709731396e-05
COL7A1,3.402853037908103e-05
PDLIM3,3.397187681262987e-05
HTRA1,3.3952844827701567e-05
SDHC,3.3905857921971144e-05
KCNJ8,3.3889113536122534e-05
ISL1,3.3867223272833455e-05
PLA2G2A,3.381726831050518e-05
MAP1B,3.375460920890439e-05
CASP3,3.37322800709111e-05
TCL1A,3.36910965822626e-05
SLC10A3,3.367003768750979e-05
GSS,3.364186994000954e-05
CLNS1A,3.360306547252364e-05
IL13,3.3575050727209105e-05
RHOG,3.355353265910837e-05
MKNK1,3.3527986830905355e-05
CFL1,3.351595211032787e-05
SLC37A4,3.348009641433147e-05
RPLP0,3.346265873924325e-05
CASP1,3.344236304168104e-05
HDAC6,3.34392964431666e-05
TK2,3.342318319027346e-05
NXT1,3.3411304028222244e-05
FURIN,3.33951826161588e-05
RCHY1,3.338669420745181e-05
NDUFS2,3.3344536510393286e-05
GZMK,3.3338957081769094e-05
GCG,3.322787234902021e-05
MRPL9,3.319544036935849e-05
DDX18,3.3193762793457785e-05
PCOLCE,3.316522751931054e-05
PMVK,3.3161070213643266e-05
SF3B3,3.31069490357066e-05
DDAH2,3.309376258628049e-05
DLD,3.3091754205297945e-05
FST,3.3069275030086004e-05
BPGM,3.304391893897039e-05
GFPT2,3.3032977808328655e-05
POLD4,3.3012356525480954e-05
PHTF2,3.3005322054450253e-05
C1R,3.298380184348976e-05
SMPDL3A,3.295813896096465e-05
SNTB1,3.294068041105575e-05
SNRPA,3.287977393135339e-05
MXD4,3.287328344710396e-05
LTB,3.286611679299013e-05
RPS12,3.284377537447627e-05
CDKN2D,3.2821441680529746e-05
AKR1A1,3.281302011883658e-05
NUP205,3.2787458923973526e-05
STK25,3.271122778039358e-05
SHH,3.271007579258041e-05
PEX6,3.2708969145351365e-05
RHOD,3.2704941575419484e-05
ALDH9A1,3.269455214156724e-05
SMAD2,3.2694471444038046e-05
LSM2,3.2668328407638906e-05
GNAI2,3.255861447089903e-05
RPTOR,3.255476738567649e-05
TRIM33,3.255351194196909e-05
GCA,3.246698127017036e-05
GABARAPL1,3.2375912228481224e-05
SKIL,3.2318973340835954e-05
NEXN,3.2313576948881e-05
ARHGEF3,3.22745407839155e-05
WDR37,3.227240117403494e-05
ZC3H14,3.2227102690320326e-05
TARDBP,3.221231650797142e-05
ATP6V0C,3.219281315440798e-05
PICALM,3.215787618413397e-05
COL1A1,3.2124330385073696e-05
CYP26A1,3.205224531715266e-05
HSPB1,3.205018505440098e-05
ADCY6,3.202055088889805e-05
EIF1,3.194123499936529e-05
EIF4H,3.1926863109146565e-05
PHLDA2,3.183568990594065e-05
FZD1,3.1798298803757334e-05
PIK3CB,3.1777882111082845e-05
HPCAL4,3.1759411814099435e-05
POLH,3.170340432812215e-05
PDCD1LG2,3.1638190677858523e-05
MAP6,3.1589032242844996e-05
CD7,3.1586690112749985e-05
IL2,3.154368694375805e-05
TUFM,3.154116282747122e-05
SET,3.152375766664996e-05
GSTA3,3.1480352214402124e-05
HADHA,3.144927118214397e-05
G3BP1,3.1420829326860035e-05
PRKCD,3.141763836307184e-05
CYP7B1,3.137096187085728e-05
IFNG,3.137021696234617e-05
BCL2L13,3.1368117567614005e-05
CLDN3,3.129188513553141e-05
ACTN4,3.128736022864747e-05
BCL3,3.1278341680226214e-05
ECI2,3.125944911647293e-05
NMUR1,3.118880221508487e-05
EPHA5,3.11568947367718e-05
CBX8,3.113035695822878e-05
TNPO2,3.1098855149784283e-05
ALDH3A2,3.109885221531002e-05
CCL13,3.104639373314072e-05
UPF3B,3.100640750626541e-05
ATG10,3.094830645492194e-05
SH3BP5,3.0924960169001684e-05
FKBP1B,3.083550327621363e-05
MRPS31,3.083079759311408e-05
PKIA,3.079312322023775e-05
BNIP3L,3.072086787253881e-05
PHEX,3.065459046704255e-05
SLC38A2,3.063390461306669e-05
ABCA1,3.059936660472596e-05
STX3,3.055932909405634e-05
CDC34,3.054733532639476e-05
EEF1E1,3.052797283496297e-05
ABI3BP,3.047170871411331e-05
UBE2I,3.0463192026869398e-05
BEST1,3.0445154968922454e-05
SULT1B1,3.0406080213343302e-05
GLA,3.0351441946000918e-05
MEFV,3.0338789900826944e-05
ZNF185,3.031715340575501e-05
ECSIT,3.0309260039703018e-05
RSL1D1,3.0300999450579604e-05
KHSRP,3.027829699424375e-05
HLA-DMA,3.0261836811001827e-05
FIS1,3.023871626133874e-05
PSENEN,3.0190558388557225e-05
HCCS,3.0185761982605346e-05
TNNC1,3.0172955354347205e-05
ACOT8,3.0151704696570618e-05
ALDH3B1,3.0135355474501965e-05
KIF5A,3.0120224411405084e-05
AKT3,3.0102134379105917e-05
PAPOLB,3.0101784270701308e-05
SNAP91,3.005180084317093e-05
RAD23B,3.0032704818480434e-05
PARP9,2.9942541524920685e-05
RORA,2.9915852025874595e-05
EEF2,2.9910203944466156e-05
CLIC2,2.9857093709000607e-05
NFYB,2.9820136103771576e-05
PDIA5,2.972575126097898e-05
ABCF2,2.961340480947255e-05
STEAP3,2.9555765908472547e-05
SPATA6,2.955213534685111e-05
AXL,2.9542934965869574e-05
SATB1,2.9505845669017096e-05
IGF2,2.9496636076852865e-05
MSMB,2.9493796972363396e-05
SEC61A1,2.9464788691713796e-05
LY96,2.9457519029304703e-05
GPX1,2.9378257304824707e-05
LSM7,2.935821639956922e-05
REV3L,2.935082961094417e-05
CHST8,2.9268582638413422e-05
SPARC,2.926436520370724e-05
MGST3,2.926197902907843e-05
F5,2.926100786648815e-05
NT5C3A,2.9237561014498805e-05
PCK1,2.9225838707188063e-05
COPS5,2.9101934413092357e-05
ELMOD3,2.9101357850415625e-05
PSMG1,2.9101219592361986e-05
CASQ1,2.908505494210764e-05
NDUFAB1,2.9082062017509333e-05
SHROOM2,2.9070795306286296e-05
SC5D,2.904784074588642e-05
IDUA,2.9045841435766262e-05
RAD1,2.8982237166764168e-05
CERCAM,2.8932100661086983e-05
PKP2,2.891086993512188e-05
CAT,2.8908304545447944e-05
PHF3,2.8877720457219302e-05
CXXC1,2.8831437231044612e-05
LMNA,2.8816689547414295e-05
PML,2.8783078337888316e-05
LRP10,2.877473224109387e-05
BIRC3,2.8738310502036597e-05
SCARF1,2.871377119896604e-05
USP18,2.868468341695016e-05
STAG3,2.8680168204947583e-05
ADAMDEC1,2.8668695422628832e-05
EXOSC4,2.8636416425317472e-05
TBCD,2.8627724358635176e-05
PHF7,2.862008130819679e-05
HERPUD1,2.8614444456225503e-05
ERCC8,2.859585932321467e-05
PRSS36,2.859088621131643e-05
NDUFB4,2.8579482619254397e-05
POLR1C,2.8557769099423794e-05
CD79B,2.8478523053987686e-05
CS,2.8471766592757564e-05
MRPS22,2.8424584592439416e-05
NDST2,2.8417744084525653e-05
ARFIP1,2.8387949833636336e-05
COL6A2,2.8335262814863665e-05
WDR74,2.8290682284826257e-05
RICTOR,2.8283722683620866e-05
PPT1,2.828239359669576e-05
HS3ST1,2.8254475863212862e-05
PRKACA,2.825379551386711e-05
PLCB2,2.822390109885502e-05
ATP6V1D,2.8220261482058022e-05
ARFGEF2,2.817357241169083e-05
HEY1,2.8171329143480742e-05
ABCG4,2.817129290767475e-05
PTPRJ,2.8151945958572824e-05
CHRM4,2.8142273598262667e-05
SGCA,2.8089600749371773e-05
COG2,2.8079909760979184e-05
ALYREF,2.8073972607862802e-05
CYFIP1,2.807396625305921e-05
CTSD,2.806283590465903e-05
TCEA1,2.8030023506507505e-05
SOCS5,2.8022924900493687e-05
NTHL1,2.8014980526641357e-05
MMP8,2.7987419521749894e-05
RYR1,2.7982850890050223e-05
BPHL,2.7962272089925786e-05
RPS3,2.7957012247171708e-05
IGFBP1,2.7945820639537455e-05
MAP3K11,2.7921481429963938e-05
LTC4S,2.7920625393236696e-05
ACSS1,2.7725367950994316e-05
TRIM25,2.772222964802628e-05
SLC1A5,2.7707049642156553e-05
CYTH2,2.767351686518718e-05
NRIP2,2.7652457894163652e-05
ECM2,2.764093032928032e-05
IL15,2.763961547714985e-05
KRT1,2.759210743529554e-05
SRGN,2.757560743834291e-05
STAT2,2.7549266330036407e-05
SUPV3L1,2.7522136913658218e-05
SAP30,2.745072544815689e-05
DUSP1,2.742574974908956e-05
FARSA,2.7418785027677863e-05
OCEL1,2.7403531476521875e-05
CUL3,2.7400410043667456e-05
CIITA,2.7380370487777717e-05
ENDOD1,2.7378157364457193e-05
LOXL2,2.7339649367375715e-05
ITGB5,2.7319808468843295e-05
NKX2-2,2.7298829934519765e-05
CDH15,2.728772238844916e-05
ABCD1,2.7154583260759333e-05
NEGR1,2.713125097362562e-05
PGM3,2.7055224601090643e-05
NOP2,2.7007567373478177e-05
EDF1,2.6897789987840494e-05
LLGL2,2.6868766071232513e-05
TPST2,2.68117602199001e-05
B3GAT3,2.6794520007292764e-05
EPS8L2,2.6792732769382333e-05
CTNNA1,2.6772549595007674e-05
TNC,2.6762079500073526e-05
POLE3,2.671576527488666e-05
SLC25A12,2.666159244982314e-05
BANK1,2.6656546216708017e-05
ITGA5,2.6634017958544427e-05
PF4,2.660689376068781e-05
HMOX2,2.6586221150020974e-05
ITGB1BP1,2.6531285927639906e-05
GLRX5,2.652460661351752e-05
UMPS,2.649969529121026e-05
ERCC2,2.648449032357923e-05
NDUFA3,2.6457015533308544e-05
TRIM14,2.6436221035567452e-05
CALCB,2.641145633896775e-05
HEBP1,2.640887474909237e-05
TYK2,2.6371020213856754e-05
SEC11A,2.6337481128487056e-05
DTYMK,2.6310781311490715e-05
FLOT2,2.6307021617790966e-05
DLG4,2.625903541773949e-05
TMEM45A,2.625587595432565e-05
ARID4A,2.6222374930311397e-05
RABGAP1L,2.6221821552060033e-05
SAMHD1,2.620256884885686e-05
NMI,2.620080609821024e-05
GNG12,2.6198192334966325e-05
EGF,2.6194350252352807e-05
PTHLH,2.6180955648475278e-05
RPS6KA2,2.614702320175761e-05
TRAF4,2.6142559656534333e-05
TSPO,2.6083768460867115e-05
UBAC1,2.6075594467812944e-05
KLC1,2.6047213974523402e-05
SYNE1,2.598170392278476e-05
GTF2A2,2.5968762734822024e-05
ESYT1,2.5949218599701903e-05
CYCS,2.5846905767221436e-05
CYP2C18,2.5843686201920298e-05
CLDN15,2.5835147982960815e-05
BCL10,2.577820965499587e-05
KLHDC3,2.574375324166003e-05
PFN1,2.569984228011732e-05
SERPINB2,2.568475820604181e-05
SWAP70,2.5665965848989396e-05
PRMT5,2.5648461032735167e-05
RAB31,2.5616294330513585e-05
PAX6,2.5610087496700285e-05
SYNPO,2.5603072710416927e-05
NUDT9,2.5600861824153985e-05
HINT1,2.5560928842684115e-05
GUK1,2.5515065320439205e-05
COX7A2L,2.551337739816376e-05
TOR1B,2.545678299931264e-05
NOL8,2.5451988119951917e-05
MGP,2.5420955800327425e-05
MSRB1,2.5399756524158526e-05
TACR3,2.5360129227908073e-05
CAP2,2.5349386936739398e-05
TGFB2,2.533445852914417e-05
DGAT1,2.5306424239536487e-05
ERMAP,2.5276838996440085e-05
DCK,2.5268592743891214e-05
NEDD4,2.5221696146935285e-05
TSN,2.52008033939998e-05
RBP1,2.5141829808408614e-05
TTC39B,2.512292158118026e-05
CSNK1E,2.5061115810629054e-05
VAPA,2.504695841894515e-05
NUP98,2.5032265037531e-05
HERC3,2.50267205581275e-05
SPAG4,2.50184778794649e-05
SIGMAR1,2.5014305178130357e-05
ABCA4,2.4977169767610063e-05
ETFDH,2.4963288850795826e-05
ACSL6,2.4962136242551135e-05
IL15RA,2.4897750216449458e-05
PEX11G,2.4888510354978597e-05
IL23A,2.4851363657162136e-05
RBBP7,2.47394260415424e-05
VAV2,2.4591226265987357e-05
MYCN,2.455915316668929e-05
GART,2.4545780911954658e-05
RAB2A,2.4528263594190084e-05
KCNH2,2.452812592548023e-05
VDAC2,2.4511713518556196e-05
DRAM1,2.4509530733548505e-05
TGFBRAP1,2.45026818777934e-05
ESRP2,2.4492892263897657e-05
KCNIP2,2.446363641335414e-05
PEX5,2.445444223753303e-05
GNL3,2.4420825505051974e-05
AP2B1,2.4413073523294916e-05
MRPL34,2.4410588356437922e-05
SLC6A3,2.439725801308294e-05
FZD5,2.4394570867452848e-05
FLNA,2.4369315648973684e-05
POLR2A,2.4334754319250557e-05
ATP6V0B,2.4318843442979037e-05
OAS1,2.431591900147783e-05
KATNB1,2.428677692436966e-05
ARHGDIG,2.4278999097016694e-05
ITGA4,2.42439886889734e-05
USP15,2.4232913183966864e-05
ANO1,2.4204591354576388e-05
NLRC5,2.4147507022202e-05
HRG,2.414368954775465e-05
AP3B1,2.4134586171711647e-05
RND3,2.4110870983269162e-05
RRP12,2.4109352663995672e-05
ADAM19,2.4040444378678207e-05
CLN8,2.403576798842528e-05
FUCA1,2.401748246513923e-05
LAT2,2.4015882721989687e-05
TGFBI,2.396317058075836e-05
RPA2,2.396286881332105e-05
GUSB,2.3919982584767652e-05
OSTC,2.3906039816675938e-05
CFH,2.390225536026103e-05
SOX3,2.3896967538522607e-05
SUCLA2,2.389396356448845e-05
CNTFR,2.389248739177623e-05
AK1,2.386362462433404e-05
CLN6,2.385973891678931e-05
SYNGR1,2.384338427573859e-05
PIAS2,2.3840049058467868e-05
CXCL10,2.3830041822468137e-05
MMP12,2.3816292909551195e-05
STX16,2.3813694110735056e-05
BAG3,2.3799589765954565e-05
SLAMF7,2.3696804030367474e-05
ABCE1,2.3581393444565674e-05
OSGIN1,2.3557712643476025e-05
ATP1B1,2.353808782183074e-05
NRXN2,2.353784473029494e-05
MAPK8IP2,2.353742502348938e-05
CD276,2.3492994572498013e-05
CNOT6,2.3461771363146006e-05
CASP6,2.3429099485289414e-05
ADAM10,2.3367230992475597e-05
EIF2S1,2.3342989067640226e-05
CLTB,2.331381086124714e-05
SSPN,2.3301425967838726e-05
RBX1,2.3295784973112833e-05
MOV10,2.3275625662557536e-05
SYNJ1,2.321269273772562e-05
PCBP1,2.3181504349259347e-05
FLII,2.3170154592167498e-05
MSC,2.311892146024041e-05
SPCS1,2.3091584213039358e-05
CD81,2.3015315160446137e-05
TGM1,2.2940572313979147e-05
RASAL2,2.2919226093086827e-05
RPL6,2.291676971309103e-05
HLA-DRB1,2.2911796662406008e-05
OSBP2,2.2899320844358618e-05
TSPAN4,2.289363951785368e-05
MLYCD,2.2835572066225866e-05
CCL5,2.280986669795966e-05
MMP3,2.271724170687303e-05
TAF6,2.2675696622704043e-05
CDH8,2.2575491502035062e-05
PSMD8,2.252181255272817e-05
COL4A2,2.251043839214228e-05
FETUB,2.2495155968934857e-05
TMX1,2.248126985573952e-05
SORD,2.247382401831922e-05
ATF1,2.24628918122982e-05
KRT13,2.2444246044418056e-05
LTBP1,2.2343824808621894e-05
DMC1,2.2307809757282073e-05
LXN,2.2302322710550103e-05
STAM,2.2295648073629635e-05
CPEB3,2.2278224761890813e-05
IL9,2.225168953602732e-05
BASP1,2.2235371192559952e-05
MX2,2.2227552189326306e-05
VPS37D,2.222571820936909e-05
CYP51A1,2.2203830755878908e-05
TIMM50,2.2202910223047784e-05
POLD3,2.2155682424372485e-05
NFE2L1,2.215106268649075e-05
CYP2S1,2.2098578063408187e-05
ALAS1,2.208531228396309e-05
ZFPM2,2.2054822685898595e-05
HTR1B,2.1998209325118892e-05
NRP1,2.19725350893201e-05
CAPG,2.1963325127916197e-05
ST6GALNAC2,2.192223427838923e-05
COX5B,2.1920906504516898e-05
PRKCE,2.189239998061148e-05
EXOSC5,2.1878205751596942e-05
GALNT1,2.1831022705148903e-05
NDUFS3,2.180963642700701e-05
RNF31,2.1771682555923086e-05
ABCB7,2.1761463478686627e-05
IDO1,2.174193877643661e-05
COX17,2.1731483827622375e-05
RASA1,2.1726241006377583e-05
BCL2L11,2.1689463660577663e-05
KCNIP3,2.1656857265498356e-05
CROCCP2,2.1631701692338335e-05
CHEK2,2.1631671213226222e-05
DHX15,2.1579584795740998e-05
HDAC9,2.150071447579337e-05
SPON1,2.1491000964937594e-05
MASP2,2.1470124205548776e-05
PHKG1,2.1463188034021927e-05
ACAT1,2.1421762223021523e-05
IL7,2.1415016985264138e-05
MYL6B,2.1401376671464348e-05
F12,2.1390384443156285e-05
EXT1,2.1388319815980294e-05
NELFB,2.1360296020516553e-05
CA1,2.13570168891551e-05
SLC25A17,2.13110658690404e-05
FCMR,2.1270146016107467e-05
HBZ,2.1176534905947598e-05
TMEM164,2.111986989048247e-05
SQSTM1,2.1116934450976527e-05
EIF1B,2.1103848199277986e-05
SSR3,2.102638757883004e-05
SLC39A8,2.1005870953592433e-05
DKK4,2.097190837955762e-05
CLCF1,2.091042667342024e-05
MFHAS1,2.090859169304102e-05
SDCCAG8,2.0905772119234127e-05
GCK,2.0894531808765523e-05
XPO1,2.0837134587248373e-05
SSR1,2.0806126295774366e-05
ETHE1,2.08042322515631e-05
ARCN1,2.0798249226307414e-05
GPR65,2.077621800513876e-05
CLIP1,2.0774911402560103e-05
XCL1,2.0766106056081788e-05
ANXA5,2.0678192789237568e-05
ARHGAP5,2.0658661816566354e-05
F9,2.0610245467695873e-05
CDKN1B,2.061003621010331e-05
VAMP8,2.0602702925174668e-05
STX5,2.0593849912499663e-05
PCBD1,2.0581480322090832e-05
AUTS2,2.0547211424471607e-05
IFI44L,2.0544282543865622e-05
PKLR,2.0522950877960576e-05
CCR4,2.0459431058684588e-05
TUBGCP6,2.0434833850358358e-05
WRAP73,2.0426714462200923e-05
APLP1,2.0371729202925146e-05
EIF1AX,2.0369361136595354e-05
NFE2,2.03083337340726e-05
ARHGEF11,2.0306724053390085e-05
AREG,2.0288718989556182e-05
PTPN6,2.0271871108464167e-05
RGS16,2.0267919421930372e-05
TSKU,2.026481144158423e-05
SMPX,2.026204875893206e-05
SIDT2,2.0217834441303733e-05
CALU,2.0199984752246734e-05
RPL39,2.0192267504743745e-05
DYRK1A,2.0162170725754597e-05
KMT2D,2.0138130278668583e-05
GAL3ST1,2.01054487515161e-05
POU2F1,2.010186505199597e-05
AOX1,2.009403383945567e-05
LAMA4,2.007451387150864e-05
TFRC,2.0072780489183703e-05
DMTN,2.0062425282465188e-05
GMFB,2.0047335053923625e-05
EXOC2,2.001350876883255e-05
IRF2,1.996175229895305e-05
CDC5L,1.993872258802716e-05
PARP12,1.9934727638846934e-05
SERP1,1.9932114411819352e-05
NADSYN1,1.990096835869945e-05
IDE,1.9899570863103344e-05
MAPK8,1.988494550535945e-05
EPB41,1.985228376067254e-05
IL12B,1.9838755780885e-05
SAT1,1.982375632373153e-05
NME4,1.9786692371335933e-05
PSMD9,1.9784197691764606e-05
GABRA3,1.978020628002182e-05
ANXA4,1.9711234897137065e-05
SUPT5H,1.9635802804104563e-05
PIK3R5,1.9569533486994705e-05
CEP72,1.9560305810416445e-05
CALCR,1.9540781609264408e-05
KCNA3,1.952311751143969e-05
MSR1,1.9520477951491016e-05
GNPAT,1.948095748065436e-05
GTF3C5,1.9480660466885735e-05
STARD7,1.9460431972635434e-05
ALOX12B,1.9457445637069882e-05
KLF7,1.9446946564845386e-05
PHLDA3,1.9433764519581118e-05
NDUFA9,1.939200685924734e-05
UQCRC2,1.9384109698743754e-05
RBM4,1.9362625328853662e-05
SRD5A1,1.9307547649119406e-05
RAB27A,1.924658513877521e-05
NPTX2,1.9227545912669054e-05
BATF,1.9218932266954665e-05
RTP4,1.914336260267249e-05
MKRN1,1.912751672846689e-05
NDUFA4,1.9032982627545768e-05
FPR1,1.903273670000341e-05
GPC3,1.900394067118027e-05
CRABP2,1.8974347672891455e-05
HTR7,1.896321215761975e-05
UBE2N,1.8950118947594897e-05
FOXO4,1.8946015561763867e-05
C8B,1.893569805349819e-05
AVL9,1.8927754561105344e-05
NCL,1.8918607216530608e-05
RGS4,1.8876442635869157e-05
IRF1,1.8850606873608123e-05
HUWE1,1.881779821212989e-05
LSS,1.8786386525734853e-05
CTSF,1.8756713035080647e-05
UGDH,1.872254858790096e-05
POLR3GL,1.869866465137437e-05
PDAP1,1.8694305106017024e-05
PRKAA2,1.865497809448955e-05
HPGD,1.8600142522080182e-05
SFPQ,1.8588077134356406e-05
RBCK1,1.8582161720219684e-05
ADD1,1.8563655012472218e-05
NDUFB8,1.8517470822715148e-05
NFX1,1.846163501290058e-05
EIF2AK2,1.8446189507629267e-05
GPX8,1.8443478794033405e-05
IRAK2,1.8427221287943046e-05
PEX26,1.8403288416950187e-05
PNPT1,1.8382533205356866e-05
OAS3,1.832720393888725e-05
SNRPB,1.825277728969069e-05
SOCS2,1.8215816594866607e-05
GFPT1,1.8180357393647366e-05
CYP46A1,1.8176037567081373e-05
RNASEL,1.8174666860761712e-05
RANBP10,1.8112256403160844e-05
PRKAR2A,1.8111461371164902e-05
D2HGDH,1.8107413672375344e-05
DLST,1.8107187316984418e-05
RAD23A,1.8046782767016688e-05
BRMS1L,1.8028097643143456e-05
DIO2,1.8008904883455893e-05
POLA2,1.7989250075113564e-05
PNO1,1.796741988689265e-05
CALM3,1.7908242960500736e-05
IL12RB1,1.7862926700201818e-05
TPST1,1.7831764275316698e-05
CTLA4,1.779653986859191e-05
CNTROB,1.7761325567918763e-05
FBXO6,1.7730212458128948e-05
EPB42,1.756206409240125e-05
SLC2A3,1.7506075001414165e-05
MAGI2,1.746271902280143e-05
IL18RAP,1.7417185781351873e-05
MARK4,1.740396993591113e-05
SLC5A5,1.735877343382811e-05
MYBPH,1.732951157755985e-05
PPP1R3C,1.732946277195442e-05
NR4A1,1.731781540501703e-05
TRA2B,1.7312997528588946e-05
MTX2,1.7308239716609262e-05
EPB41L2,1.7307676167597474e-05
SMTN,1.7296043768373913e-05
CCL17,1.7271169850859256e-05
GRHPR,1.720494640191478e-05
USP8,1.719618028169094e-05
COX6A1,1.719273150183142e-05
RYR2,1.7171530519976693e-05
MMP14,1.712098112647062e-05
BCKDHA,1.707904306106027e-05
LRPAP1,1.707806993951755e-05
CYP26B1,1.6988472249151995e-05
FOXJ2,1.6966751820659906e-05
ACTB,1.6963624856822633e-05
CAST,1.694745359402142e-05
HNRNPA3,1.69354726148934e-05
IKZF2,1.6880778873232255e-05
B2M,1.6861324631138946e-05
CR2,1.685980987235268e-05
FLNB,1.6838078337383635e-05
ARG2,1.6805821752867388e-05
IL3RA,1.673619783708563e-05
CAPN5,1.66688807804637e-05
STX12,1.6636270623192802e-05
TCHH,1.6621076700202205e-05
IDH3B,1.6522680173582193e-05
CALCRL,1.6521894186949328e-05
ZBP1,1.6470588205468755e-05
EDIL3,1.6459514964146774e-05
PGF,1.6422892149674028e-05
CDH1,1.6340468084583385e-05
THBS2,1.6339087390313655e-05
TFPI2,1.6310196960894976e-05
TIAL1,1.629775818790131e-05
NFKBIZ,1.6284287088527046e-05
C4BPB,1.6279496441138182e-05
ING3,1.625047523308694e-05
ABCB9,1.6248713650705108e-05
FGD6,1.6230533284719002e-05
SNAP25,1.6223449000610333e-05
PPP1R8,1.6103772183947157e-05
VCAM1,1.6086388097928426e-05
SMURF2,1.603418912922118e-05
MAPKAPK3,1.6009433451831325e-05
GALK2,1.6002021071853084e-05
MGST1,1.5990658071826836e-05
MXD3,1.5934668061181665e-05
NFKB2,1.59059814700363e-05
ARG1,1.5898355453439597e-05
PDCD1,1.5867707449993686e-05
IDH3A,1.5811723545097973e-05
GLDC,1.580025013998655e-05
CDH6,1.5777944588246215e-05
MBL2,1.577774963928692e-05
SLC7A11,1.5771247761725292e-05
OASL,1.5731479577467906e-05
PDGFC,1.5730799160397848e-05
PPP4R2,1.5665364469248523e-05
MAP1S,1.5630418912206594e-05
ATP2A1,1.5606682549800587e-05
ZBTB17,1.5592773952105802e-05
AP1G1,1.549861163374568e-05
CHST1,1.5462085734266155e-05
NHLH2,1.5449151657250696e-05
DCLRE1B,1.541960002204909e-05
GAD2,1.5330489792893113e-05
EPHB3,1.5312821437893632e-05
RAPGEF5,1.5263298086154067e-05
TBRG4,1.5196814036256112e-05
LAS1L,1.5190006056901852e-05
HNRNPA2B1,1.512687071611425e-05
MPP1,1.512295327732045e-05
PES1,1.5064646042760922e-05
NIPBL,1.5063678444923103e-05
ADAM17,1.5060766736168225e-05
MYL3,1.5059132154343295e-05
LCAT,1.5011284055381026e-05
INSIG1,1.4988438487560244e-05
CAPN3,1.4958718776190461e-05
XPC,1.4914374884821331e-05
CEL,1.4901969284452125e-05
TSPYL2,1.4880705203937368e-05
AMPD3,1.4873335089064125e-05
PRDM2,1.4843049462318393e-05
RFC1,1.4764022947165384e-05
MBP,1.4728934191215999e-05
MAST2,1.4721154818916334e-05
CDK4,1.4695073867503323e-05
EIF4G2,1.4651798639312876e-05
ACLY,1.4639203419216989e-05
IER5,1.4604008013242674e-05
SPINT2,1.4556408293173189e-05
INHBE,1.4554166690308764e-05
SP1,1.4508675439705171e-05
POLA1,1.4480418014313017e-05
SMC3,1.4356639825264662e-05
TKFC,1.4325601435001576e-05
HDDC2,1.4319463332863966e-05
IGF2R,1.4270993774392932e-05
PLCB1,1.424405627517453e-05
CTTN,1.4221310528426931e-05
CD28,1.4187787632666741e-05
NOLC1,1.4182917293711962e-05
RALGDS,1.4181675739826777e-05
EFNA3,1.418166261919571e-05
CORO1A,1.4162346943960497e-05
FCGR1A,1.4160856236822602e-05
WDR1,1.4155528440572372e-05
WASF2,1.4153816422533148e-05
SMC6,1.415091972686343e-05
INHA,1.4148936504824675e-05
CFTR,1.4096212161453331e-05
CXCR6,1.4080599615812518e-05
CDH13,1.4077444929904944e-05
GPR183,1.4072842797060341e-05
RPS14,1.4071670292971233e-05
BRF2,1.4051002331046175e-05
PTPRE,1.3997988628152767e-05
PDCD2L,1.3950140158830688e-05
ILF3,1.3926799136051265e-05
SLC34A3,1.3911427995664232e-05
SLC2A1,1.390315302746286e-05
CD69,1.3873341519836775e-05
PCDHB1,1.3803854115761343e-05
NPHS1,1.3682235518626749e-05
USP16,1.3631720483154612e-05
ANPEP,1.3590448599100231e-05
PIDD1,1.3581049996913836e-05
PLSCR1,1.3579462410834192e-05
HLA-B,1.3564861621578236e-05
TAF1C,1.3559189310678973e-05
FOSL2,1.351644594799919e-05
EDC4,1.3503282024994357e-05
YIPF6,1.3475107042329599e-05
HSD11B1,1.3446608098410268e-05
HLA-DQA1,1.3442024764074015e-05
FDFT1,1.3419365444941211e-05
KIF13B,1.341260192532559e-05
PTEN,1.3363098862803099e-05
DBP,1.3356683372511028e-05
TTR,1.3323844623850928e-05
PRAF2,1.3299551360946328e-05
ACSL3,1.3251998783551015e-05
CYP4A11,1.324026106965323e-05
IFI44,1.3177861314889695e-05
YRDC,1.3162714536938781e-05
VWA5A,1.3157678874307663e-05
KIF3C,1.3156409000450579e-05
CFD,1.3117137910243699e-05
NOD2,1.3115641494309584e-05
SCGB1A1,1.3018507491141192e-05
AQP3,1.299256790769427e-05
USP12,1.2974562234935791e-05
SERTAD1,1.2954669406157833e-05
GOT2,1.2914080811038153e-05
SDC3,1.2881019003782217e-05
MYO1C,1.287330189695034e-05
ASB7,1.2827590493527663e-05
SLC2A6,1.281699977131298e-05
APOC3,1.2789816070609657e-05
ZNFX1,1.27837784925717e-05
PCNT,1.2724029776837933e-05
ZMIZ1,1.2700432883551486e-05
NCOA6,1.2683668870237565e-05
NOL3,1.2588542823978098e-05
BAZ2A,1.2578559432187722e-05
TOMM40,1.2575453015743705e-05
TRIM5,1.2547985630324394e-05
ZC2HC1C,1.2522252958540487e-05
VAMP7,1.2492525770543288e-05
NFASC,1.2489985624833611e-05
MXD1,1.2489870237298376e-05
PPP2R5B,1.2468218069218048e-05
UNC5C,1.2425578179158874e-05
SH2B1,1.2369760343855986e-05
CRP,1.2334763910614015e-05
PPP2R1B,1.231769769538587e-05
MDH2,1.2316102376145298e-05
EVI5,1.2304435703193621e-05
HNF4A,1.227915665045953e-05
ZW10,1.2188505751668363e-05
WWC1,1.2162110280678498e-05
LHX2,1.2144837798140299e-05
CALD1,1.2129189939321008e-05
DLG5,1.2111319039203488e-05
APOA1,1.2104887943230497e-05
TNIP2,1.209528737320083e-05
SELL,1.2092189573655687e-05
CD2AP,1.2080970462699785e-05
SPHK2,1.2019249813815763e-05
ICOSLG,1.1981090845347942e-05
BET1,1.1962721109967608e-05
SLC31A2,1.1959781782370283e-05
AIMP2,1.1939441463331334e-05
YWHAB,1.1909444161640782e-05
DRC1,1.1901383916594364e-05
AGPAT3,1.1864287713785942e-05
HLA-F,1.1809341337904342e-05
XK,1.1797228621229958e-05
TWSG1,1.1784230160831221e-05
HADH,1.1739227116676434e-05
PPM1B,1.1650887561428713e-05
JUP,1.1646823011858347e-05
NELFE,1.1645967163561828e-05
ATOX1,1.1627337865126736e-05
MAF,1.1590402427711132e-05
SIRT1,1.1589296207172504e-05
A2M,1.1556311602986497e-05
CCND2,1.1503242134816107e-05
PXMP2,1.1421939355849839e-05
EZR,1.1421720374148831e-05
ATP6V1E1,1.1386772839988765e-05
BCL2A1,1.137628661648895e-05
SLC11A2,1.136583604233584e-05
SMAD7,1.1355101833911807e-05
PUS1,1.133740267844748e-05
IMMT,1.1310448347308759e-05
COL8A2,1.1271580677019529e-05
MYL2,1.1251217353906095e-05
HSD11B2,1.1243642470758342e-05
UQCRQ,1.1242603160232463e-05
NEUROD1,1.1236518091653533e-05
HSPA1L,1.1185013701816473e-05
CTF1,1.1161923756620405e-05
PRKCB,1.1161137796213147e-05
TIMM10,1.1153990326545854e-05
CD80,1.1151273649263587e-05
TARBP2,1.1114913389467153e-05
PLA2G12A,1.1044350253745169e-05
YIF1A,1.1012175843484036e-05
FH,1.0975544236043224e-05
IRAK4,1.0963443194353314e-05
C8G,1.0949085340543397e-05
OLFML3,1.0921903687622998e-05
MYH1,1.0875002706135937e-05
LAMP3,1.0829849699355357e-05
TMEM176B,1.0798279884375896e-05
COX7C,1.0757512574420576e-05
FABP4,1.074774748274782e-05
PSEN2,1.0741073270937661e-05
MYH10,1.0718094489129975e-05
P2RX7,1.069396813954053e-05
EPB41L3,1.0682957650447481e-05
AKAP10,1.0646437208298388e-05
VIP,1.0640449122357697e-05
NDUFA2,1.0640437542692932e-05
DPYSL3,1.0632128211587366e-05
ARFGAP1,1.0604634179355272e-05
PPIB,1.0570457161840716e-05
OSM,1.0525182446795334e-05
KHNYN,1.0520842495657646e-05
NUDT15,1.0510992703520075e-05
UNG,1.0474699856427023e-05
TXNRD2,1.0436137452655789e-05
RCL1,1.0401236981090077e-05
NOG,1.039807257378773e-05
IL1RL1,1.0368384731319028e-05
CTSH,1.036165298257796e-05
GRID2,1.0337629675441816e-05
ERAP2,1.0315066553585397e-05
CEP131,1.030203971950228e-05
HTRA2,1.0293477780064397e-05
SOD1,1.0268424984247186e-05
TP53,1.0244429404482926e-05
CAPZB,1.0238147797543565e-05
AMH,1.0217144791549238e-05
GPD2,1.0197711216169228e-05
INSM1,1.0185523508238807e-05
PEA15,1.0167280276383905e-05
CCT7,1.0166117078271791e-05
SEC31A,1.0144910008532159e-05
PDLIM5,1.0091613966185979e-05
BMF,1.0083546929535124e-05
SPCS3,1.006374644438637e-05
ACE,1.005628603827945e-05
CCNK,1.0001383518574135e-05
GHRL,9.982165027881186e-06
PTH1R,9.94153809169315e-06
CSF2,9.910996629912729e-06
PPOX,9.910324827515019e-06
XRCC3,9.841477401206445e-06
NIN,9.77305584862734e-06
ARRB2,9.730146329511776e-06
MYH9,9.702556042942821e-06
CNP,9.696612532212154e-06
KIF2A,9.55488965581946e-06
CCP110,9.543816982426946e-06
IPO4,9.542322391683256e-06
CD4,9.53073024126156e-06
WEE1,9.51885769627311e-06
CTH,9.459555644795325e-06
AKT1S1,9.45937389729793e-06
KLRD1,9.455246619939062e-06
FBN1,9.442607491552046e-06
MPI,9.407731139682245e-06
CPE,9.364819416660927e-06
HOXC10,9.247300670234984e-06
NOP16,9.138267041733686e-06
EMP1,9.091724899702014e-06
GLRX,9.026845156288735e-06
LAMP2,8.981635422244506e-06
APOH,8.97910761873971e-06
HSD17B10,8.957052904445289e-06
TRIM28,8.938316737183166e-06
PGD,8.933518879296401e-06
PPBP,8.930853950862913e-06
PLAG1,8.920339130466245e-06
FSTL3,8.915333025099817e-06
NID2,8.8940050450806e-06
PCGF5,8.838693079055216e-06
GNAO1,8.82005324474027e-06
TMEM50A,8.777005524395368e-06
ERCC4,8.77337045397468e-06
ACTA1,8.712673564279187e-06
PPM1D,8.688158001258995e-06
AMPH,8.650935865983959e-06
SPOCK2,8.639279057117923e-06
PSEN1,8.622153002075647e-06
HBQ1,8.604687746992478e-06
SRM,8.562131862406258e-06
UBE2E1,8.55684731646962e-06
GRPEL1,8.533548569495967e-06
CYBB,8.47449262058622e-06
BYSL,8.457660554529517e-06
FCER1G,8.414834285591118e-06
SPEG,8.413659883676724e-06
PDGFA,8.36362630044056e-06
PROK2,8.333595158148296e-06
PODXL,8.223851459929123e-06
PRG2,8.221976220219108e-06
CHRNG,8.18875466690793e-06
MXRA5,8.175715522633668e-06
SLC30A5,8.151105489515486e-06
ANXA10,8.132822326119663e-06
SLC25A28,8.12591200660777e-06
GOLGA4,8.110244442573357e-06
INPPL1,8.095330279651718e-06
RETN,8.063324839286831e-06
EREG,8.033397303572904e-06
NAPA,7.985654290276424e-06
ALAS2,7.98528428107172e-06
SNRPB2,7.973318036830673e-06
GDA,7.910021518886064e-06
PEX14,7.844754953452428e-06
PEX2,7.838961874085935e-06
MTA1,7.814651736861494e-06
HIPK2,7.75572583134168e-06
GSTO1,7.709944224034254e-06
APRT,7.698983794437326e-06
HSD17B14,7.651636334444752e-06
PSMB5,7.636981917601596e-06
IMP4,7.63198422147084e-06
CA2,7.630759372361988e-06
CCR2,7.598483967752363e-06
PLG,7.559773990450934e-06
MINPP1,7.557335966826104e-06
NR1H4,7.480726130447669e-06
UQCRFS1,7.399436735398544e-06
TNRC6B,7.394241926173888e-06
MTRF1,7.3444827764425975e-06
TNFRSF4,7.326854936681223e-06
SFMBT1,7.3107712287746216e-06
MVK,7.304460861866027e-06
POP7,7.290516785161485e-06
LIPA,7.281818522461005e-06
SIRT6,7.280470709698408e-06
PDLIM7,7.211332237935915e-06
CBX5,7.1902655183601305e-06
LTA4H,7.166499986442167e-06
TNFRSF18,7.111997601325888e-06
GDNF,7.1090494229361255e-06
NDUFA1,7.09795117548663e-06
SNAPC5,7.073850564738151e-06
COX10,7.006214620484668e-06
GYPE,6.972120196352667e-06
CD40,6.873896600111028e-06
CCR5,6.872311262435706e-06
CMPK2,6.8647360177831245e-06
ITGB1,6.862769781257275e-06
GSTM4,6.811578404773179e-06
APC,6.779763557990142e-06
EIF4A3,6.750912513583561e-06
ESRRA,6.7238259381517084e-06
GALK1,6.682029323177507e-06
TRAFD1,6.665588180079744e-06
C3AR1,6.602460236352445e-06
SLC25A38,6.512073388771237e-06
CDC42BPA,6.507919861649604e-06
YPEL1,6.485199651413249e-06
PRDM1,6.447618435189909e-06
TUBD1,6.431440869798091e-06
TXNL4A,6.404900144910736e-06
M6PR,6.396060842977397e-06
SOS1,6.394623034310286e-06
LMAN1,6.374633753292626e-06
ATRN,6.3473557410552205e-06
TRAF1,6.3386483365333485e-06
UNC13B,6.30809346382169e-06
ABCD3,6.258105935920423e-06
ONECUT1,6.25238522011611e-06
SCP2,6.2384728549751285e-06
RFC5,6.203061454533772e-06
HEYL,6.165546395315303e-06
SAMD9,6.0942750239618855e-06
LCP2,6.094053551306095e-06
PPAN,6.0730362917565476e-06
ARHGAP27,6.0600468847029415e-06
XIAP,5.958956846295421e-06
PCYT2,5.9477213901846546e-06
NCF4,5.934472959151812e-06
RNF19A,5.918646243899875e-06
SCGN,5.872276358209552e-06
WASL,5.8632933121102165e-06
IPO7,5.844820532648293e-06
CRMP1,5.796098808541586e-06
DTNA,5.795931382901175e-06
CHGA,5.754382090072833e-06
ECH1,5.745213484325188e-06
KLKB1,5.722246521822384e-06
SSB,5.6697943180061955e-06
TIMM9,5.665222513638902e-06
ZPBP,5.6473504492032435e-06
DOCK4,5.582738278934937e-06
HEY2,5.548011129284523e-06
CNTN1,5.522507560566685e-06
PCSK9,5.4909103870517324e-06
ACTL7B,5.477021501209517e-06
CD302,5.462956208352155e-06
NOC4L,5.395136970729074e-06
CSK,5.391463011752015e-06
POLR2J,5.3708516526215994e-06
P2RX6,5.3656430332820675e-06
MYL12A,5.3088953847695424e-06
GLUD1,5.2401542973524385e-06
NOP56,5.205963635939923e-06
IKBKG,5.199050870595112e-06
SLC3A2,5.19406505787386e-06
EFEMP2,5.176747235161895e-06
GNGT1,5.159590213543603e-06
LTA,5.134374550020902e-06
RAD50,5.09655333029619e-06
PRDX5,5.0627082621862875e-06
PLK2,4.863922027952998e-06
RHOT1,4.755509836473766e-06
HMOX1,4.7533032226047925e-06
APP,4.727141780647583e-06
EIF2S3,4.651562706143436e-06
YKT6,4.647941216643129e-06
TAF10,4.615990963718913e-06
NOTCH4,4.591648295968706e-06
APOBEC3F,4.590004793016058e-06
CSF2RB,4.566404983960115e-06
EGR3,4.555029390585156e-06
SPHK1,4.540056477013444e-06
VEGFB,4.53627848093434e-06
DHRS1,4.515308823785629e-06
ALDH8A1,4.483998337552028e-06
FTCD,4.474958175956925e-06
ADIPOQ,4.468418409430801e-06
USO1,4.448337856063141e-06
DNTT,4.413224022611973e-06
CYP4F11,4.316668325664843e-06
PAX3,4.3105580194928175e-06
PDPN,4.276373504999077e-06
SRSF3,4.217487977238111e-06
DCC,4.213043828684147e-06
CD96,4.201877923352946e-06
EXOSC7,4.191427219346747e-06
WIPI1,4.178681782097061e-06
CYFIP2,4.170763663518338e-06
PTCD2,4.160560788079304e-06
LIG1,4.159901735235979e-06
FXYD1,4.105026037157825e-06
ANKZF1,4.091736388936322e-06
SLC6A12,4.083947615322923e-06
MYH8,4.067802997302861e-06
SLC38A1,4.044651548471439e-06
IL7R,4.043272978630655e-06
NDUFB6,4.0366344771732725e-06
CEBPD,3.977359252348851e-06
PGAM1,3.966713475248077e-06
HEXA,3.960402230806294e-06
LAPTM5,3.958234104557577e-06
SGMS2,3.921094642414331e-06
THBS3,3.871857779432712e-06
FDX1,3.846544032757338e-06
CSNK2B,3.8404054921304606e-06
GNG2,3.828617372502009e-06
HOPX,3.826659167285937e-06
EIF4G3,3.7817191524278827e-06
POLR2G,3.76292400573486e-06
MDK,3.7589081115228887e-06
MAP4K3,3.758760648692675e-06
ATP4A,3.7265971058223864e-06
VAMP3,3.703909751656139e-06
FYN,3.6949256212525624e-06
SLAMF1,3.633694400241527e-06
TOMM22,3.6296714010548056e-06
SLC27A5,3.617729617240289e-06
COX4I1,3.592432423403317e-06
EXOSC1,3.5834116955964082e-06
GCLC,3.5727553807569233e-06
AGFG1,3.572049627519612e-06
RBPJ,3.533231290800388e-06
ADGRL4,3.532977462965553e-06
CCL25,3.5103574862773487e-06
ITIH1,3.485518836287291e-06
GYS1,3.4803389203248914e-06
PTGER2,3.4575688617416732e-06
RNF11,3.452247763342361e-06
AP3S1,3.440159481060421e-06
KIF1B,3.436534830729054e-06
TNP2,3.4286849359584034e-06
PMPCA,3.393171340227914e-06
RAF1,3.3892046387718433e-06
GSTK1,3.3886490707841754e-06
NDUFB5,3.3722629046051745e-06
RPS9,3.3682111979987303e-06
SLC25A4,3.3498435385411103e-06
CD3G,3.3447316771769295e-06
EXOSC10,3.343528129721196e-06
ACRBP,3.341258063216587e-06
VCL,3.326378433426736e-06
CYB5B,3.3256753262616233e-06
PTS,3.2855896531853977e-06
PSMA6,3.2775156556140194e-06
CMKLR1,3.231693850861842e-06
NDUFB2,3.1944881635685383e-06
GCNT1,3.1814311724128504e-06
HLA-A,3.17076780889637e-06
STOM,3.1608080051367666e-06
GBF1,3.1569707080865927e-06
ST8SIA4,3.1560623893064006e-06
DCP2,3.132852964867758e-06
CDK9,3.0786345390737e-06
DEF6,3.068175765585361e-06
GLMN,3.0352518431579317e-06
CCL4,2.981169866559019e-06
DDX10,2.9513352364923772e-06
NCR1,2.9200870881893283e-06
HOXD11,2.8906191867503347e-06
G0S2,2.79833114305497e-06
TSC2,2.7950880170015875e-06
LATS1,2.7938056560644215e-06
HOMER1,2.753744592970777e-06
SIT1,2.744388762932914e-06
NDUFA7,2.740687899217097e-06
SREBF2,2.6999088911493107e-06
ATP6V1G1,2.6971344999252144e-06
CPT2,2.688712005540747e-06
FABP3,2.6815013498186965e-06
ITPA,2.636975326931658e-06
CXCL12,2.622638841322262e-06
PEX16,2.616581569101842e-06
DHPS,2.570056770679024e-06
AKR1C2,2.567736048981949e-06
CSF2RA,2.5079626352649524e-06
MARK3,2.480466422676825e-06
ACADVL,2.474980719413797e-06
PPP1CA,2.462810266169619e-06
MYF6,2.460700655956294e-06
NOS2,2.420094292851147e-06
CCNL1,2.418535080833598e-06
GPX2,2.412379812571596e-06
PFKFB3,2.4091409812943955e-06
IFT88,2.3370847696254484e-06
HHEX,2.332666277856383e-06
CD86,2.3033974666833635e-06
HNRNPD,2.2791640658679933e-06
LCP1,2.263428072093471e-06
UXT,2.2597087516402106e-06
TST,2.2488803782190325e-06
SLC1A1,2.2354854922935405e-06
CHMP1A,2.1620355883179086e-06
S100A4,2.142603527549357e-06
STEAP4,2.141400017855532e-06
COQ9,2.125497451797447e-06
ALDH6A1,2.079442777037366e-06
RELA,2.0364347154271354e-06
TNFRSF12A,1.9971177013429095e-06
SLC25A10,1.9517927373163925e-06
TNNI1,1.9405700489386462e-06
CD63,1.9251123764069295e-06
NFS1,1.9186637730342643e-06
BDKRB2,1.910971687229981e-06
ZNF112,1.8998059808130768e-06
RRP9,1.8728662248567914e-06
MAGIX,1.8421685358271228e-06
ACP5,1.8411776542475861e-06
NHP2,1.8396944673439389e-06
BIK,1.8381811660210796e-06
FMO1,1.8286750658141306e-06
SNX10,1.8177605348585411e-06
HIRA,1.7941433761562953e-06
IL10RA,1.7725606303281832e-06
COX7A2,1.748847779119144e-06
ROS1,1.6609960382377553e-06
CDKN1A,1.654227930676547e-06
SPI1,1.6521165218214402e-06
CEP250,1.5845823539924214e-06
XPO7,1.571823251403572e-06
SLC35B2,1.5637903616351017e-06
ADAM12,1.5427786502194532e-06
RIOK3,1.5397066831755862e-06
YWHAE,1.5356939865033993e-06
APEX1,1.5182174757432628e-06
RUVBL2,1.5137592662545316e-06
RAPGEFL1,1.5076109378029328e-06
FUS,1.5035719422493063e-06
DHCR24,1.4730810668729457e-06
SERPINB8,1.4421836365788634e-06
WDR43,1.4132531027717129e-06
ATXN2,1.3861931342047019e-06
NRAP,1.3854156723810742e-06
TUBA3C,1.3847024928735502e-06
HBEGF,1.3776377970502752e-06
CPOX,1.3685974289088832e-06
SYNGR2,1.3685645287383622e-06
UGT2B17,1.3571559502720075e-06
PCSK1,1.3402622704160438e-06
DHX16,1.338835057958784e-06
EWSR1,1.3220514432798213e-06
CCR8,1.3163669462198474e-06
DHRS3,1.3138774717396626e-06
IL18BP,1.3047559431778663e-06
SELE,1.2670772390789645e-06
ALDH7A1,1.2316355973248838e-06
FBXO9,1.2254015208332479e-06
CST7,1.2230587821974713e-06
REL,1.2105358974923385e-06
KLF10,1.2006935452673621e-06
CYP27A1,1.1542396097873653e-06
PLAC8,1.1223907305427856e-06
NFKB1,1.094985556966912e-06
ITGB7,1.0792471576504163e-06
PRDX2,1.0781643393230207e-06
WRN,1.0679915763240887e-06
UPF1,9.597790457426624e-07
TIMM13,9.527823980419769e-07
ARAF,9.482844108112441e-07
BIRC2,9.330417175389148e-07
B3GALT6,9.291381442422987e-07
NFKBIB,9.232754274262941e-07
APOC2,9.05416609936782e-07
LEAP2,8.596491519012221e-07
SLC38A3,8.441960877145124e-07
NFAT5,8.223312716485818e-07
PIK3CG,7.756076806415322e-07
LYSMD2,7.398610380895637e-07
RAB34,7.18266776299819e-07
SDC4,7.135915219785293e-07
HLA-DOB,6.905125313264661e-07
TRIAP1,6.82592206591817e-07
TNFAIP3,6.527115823123185e-07
CNOT4,5.333244349209353e-07
COPB2,4.968807191875426e-07
NXF1,4.846809753427456e-07
SPTA1,4.202437216818679e-07
CTBP1,4.157345181400527e-07
POLR2I,4.060206880877501e-07
ABCA2,4.015120343313599e-07
GABARAPL2,3.996341473389036e-07
DNAJB8,3.948571692142251e-07
COPB1,3.9456896007920743e-07
VAMP5,3.924267750291128e-07
EXOSC9,3.8748850321974857e-07
NCAN,3.86474466188942e-07
SPP1,3.8426790910582064e-07
PRPF31,3.819145307747938e-07
SULF2,3.798500923986446e-07
CD151,3.6546704333499144e-07
RAD51C,3.613821643322201e-07
GYPB,3.586896555545051e-07
CNTRL,3.54826423479359e-07
CFP,3.5266879908421485e-07
NUP50,3.452981226205721e-07
GLRX2,3.386396837081008e-07
AHSP,3.348214536283485e-07
PPP2R2C,3.284420811995672e-07
ABCB6,3.185136533113959e-07
IFIH1,3.18324006284611e-07
LGALS3BP,3.1831986474293185e-07
IKZF1,3.182516970598939e-07
PALLD,3.112750628821728e-07
RNF123,2.7221715486859643e-07
CCL7,2.55251782995793e-07
DDX4,2.539972769539567e-07
STX4,2.5385927855552624e-07
TLR2,2.5379235909865e-07
CXCL13,2.477997072948157e-07
ANGPTL3,2.4646969876329577e-07
RASGRP1,2.462594973095041e-07
BCL11B,2.4593719305767873e-07
UNC119,2.439736802875011e-07
DMPK,2.4368455073357104e-07
ITGAV,2.3631109001326532e-07
HNRNPU,2.167377189442328e-07
MTHFR,1.961406324456418e-07
RHAG,1.9393873373437212e-07
UPK3B,1.8357184314778487e-07
ACP1,1.700917997029237e-07
CYLD,1.685077693137308e-07
HOMER2,1.6622823247703968e-07
POP4,1.6447621873815858e-07
TAP1,1.5617027122560133e-07
FOSB,1.304579539217305e-07
DCAF11,1.2883280130649074e-07
SDC2,1.260432650151374e-07
UBC,1.012700983533169e-18
SOCS3,7.707798302024347e-19
TIMM8B,6.78203449563205e-19
IL1R1,6.151137205275524e-19
CPN1,6.063154327866521e-19
APOL6,4.843862816117981e-19
ARPC5L,4.486223948947019e-19
SLC12A4,3.7306509477054745e-19
RAB22A,3.445609425839107e-19
HERC6,2.186714530521359e-19
TRAT1,2.1693817822668985e-19
INPP5F,2.1669825558267903e-19
CLVS1,1.6760890911868362e-19
POLR2D,1.4933557004117037e-19
TUBB2A,1.476501872212328e-19
SAC3D1,1.2583044233460927e-19
KAZN,1.2382925487790698e-19
HLA-DMB,1.1661203877161547e-19
TTPA,1.1464546122825443e-19
CD2,7.033699874984628e-20
NAA11,6.581126195854951e-20
RPS3A,6.527204439830432e-20
FBP2,6.142319749370708e-20
COX15,5.958957251411013e-20
TIMP2,5.745781880198187e-20
TRIM21,5.563478171320159e-20
TAPBP,5.412325656940846e-20
CD83,4.7118299264088746e-20
RPS5,3.0590299720354045e-20
RAB5A,3.047639974612768e-20
PSMB8,2.8626893621666294e-20
GP9,2.7830025581973196e-20
E2F4,2.7805044580127757e-20
PTPRC,2.75130000618039e-20
FGL2,2.7040913371582498e-20
MEF2C,2.3248932936450153e-20
BRS3,2.0359631116107727e-20
PCSK2,1.9531646287717554e-20
RABGAP1,1.566973885212491e-20
GREM1,1.5456211306899246e-20
NCOR2,1.5109258822692547e-20
RDH11,1.477360742081369e-20
HOOK3,1.3481969093385866e-20
MAP4K1,1.234441568105955e-20
FLT4,1.1644202199051511e-20
MFSD6,0.0
SUPT4H1,0.0
CD8A,0.0
GTF2H5,0.0
GAPDHS,0.0
TCIRG1,0.0
RCE1,0.0
LATS2,0.0
MRPS15,0.0
HNRNPR,0.0
RAP1GDS1,0.0
GPR18,0.0
SRC,0.0
GYPA,0.0
AFG3L2,0.0
HSPA1A,0.0
CHRNA1,0.0
MEP1B,0.0
CLCN3,0.0
LDHC,0.0
HTR5A,0.0
IL2RG,0.0
CLEC4A,0.0
GBE1,0.0
PRRX1,0.0
PROZ,0.0
TUBGCP2,0.0
GJA5,0.0
AKAP4,0.0
DPEP3,0.0
AMMECR1,0.0
RRM2B,0.0
SECTM1,0.0
PECR,0.0
ENTPD7,0.0
IL10,0.0
CD37,0.0
PMM1,0.0
ERP29,0.0
NOTCH3,0.0
WSB1,0.0
SLC26A2,0.0
UCK2,0.0
ASL,0.0
F13B,0.0
MCEE,0.0
NUDT21,0.0
GRB2,0.0
PARP14,0.0
CAMK1D,0.0
CLDN14,0.0
HBD,0.0
ICAM2,0.0
SPPL2A,0.0
MMD,0.0
EI24,0.0
SST,0.0
VASP,0.0
IL13RA2,0.0
KLRK1,0.0
ADCY2,0.0
PRCP,0.0
RER1,0.0
KDM7A,0.0
LLGL1,0.0
NR0B2,0.0
ADH7,0.0
CYP11B2,0.0
SCN9A,0.0
ADAD1,0.0
CPM,0.0
TOR1AIP2,0.0
TNP1,0.0
XRCC5,0.0
HSPA4,0.0
BRPF3,0.0
ALDOB,0.0
MYH4,0.0
DAB2,0.0
MTF2,0.0
STC1,0.0
C2,0.0
CDH2,0.0
PSMA2,0.0
SH2B3,0.0
TOPBP1,0.0
SCN8A,0.0
TMED2,0.0
COL4A1,0.0
HLA-DRA,0.0
PRF1,0.0
SNRPD2,0.0
ARL2BP,0.0
ERH,0.0
CP,0.0
RPE,0.0
KPTN,0.0
MYBPC3,0.0
KIF5B,0.0
AGL,0.0
PDX1,0.0
TNFSF11,0.0
TAF9,0.0
DRAM2,0.0
LSP1,0.0
NOP14,0.0
GEMIN4,0.0
AGPAT4,0.0
IGSF6,0.0
MOCS2,0.0
FOXO3,0.0
PPP1R2,0.0
ZNF277,0.0
MIF,0.0
SLC46A3,0.0
C1QC,0.0
PCLO,0.0
SCN10A,0.0
STARD4,0.0
RGS1,0.0
MMP16,0.0
MRPS12,0.0
KRT4,0.0
GRINA,0.0
HBBP1,0.0
IMP3,0.0
NFE2L2,0.0
CBX1,0.0
SERPINC1,0.0
GTF2H3,0.0
MRPL40,0.0
RAC2,0.0
ATP1A3,0.0
PEX11B,0.0
DUSP2,0.0
TRIB1,0.0
PMS2,0.0
NRP2,0.0
SELENBP1,0.0
DNAJB9,0.0
BIN1,0.0
ADIG,0.0
MERTK,0.0
UBE2L6,0.0
SLC4A1,0.0
GNB2,0.0
CYP1A2,0.0
TPD52L1,0.0
ACACA,0.0
ZMAT3,0.0
SLC16A3,0.0
NDUFC1,0.0
PAX4,0.0
TCP11,0.0
NDUFB1,0.0
ATF6,0.0
MRPS18B,0.0
UPB1,0.0
ECM1,0.0
EMP3,0.0
CD48,0.0
CRTAM,0.0
RAC1,0.0
DDT,0.0
VPREB1,0.0
AP2S1,0.0
VWF,0.0
ISCA1,0.0
SNRPD3,0.0
HSPB2,0.0
DLG1,0.0
RANBP9,0.0
TSSK2,0.0
GZMA,0.0
OLR1,0.0
LUM,0.0
ELL2,0.0
PGAM2,0.0
FMO3,0.0
CDC42SE2,0.0
TLK1,0.0
LCK,0.0
IL10RB,0.0
LAMA2,0.0
TAP2,0.0
FSHB,0.0
CD14,0.0
SH3GL2,0.0
CELF2,0.0
CSTF3,0.0
EIF4EBP1,0.0
VHL,0.0
MSRB2,0.0
CD8B,0.0
SLN,0.0
GNGT2,0.0
CARTPT,0.0
DGCR8,0.0
TNFAIP2,0.0
MRPL23,0.0
FGR,0.0
CDSN,0.0
ADRA1B,0.0
MAP4K2,0.0
CFHR2,0.0
CD274,0.0
IFIT2,0.0
ANKH,0.0
CD3D,0.0
HGFAC,0.0
TUBGCP3,0.0
LDB1,0.0
LEF1,0.0
GRWD1,0.0
PEX1,0.0
TLR8,0.0
LONP1,0.0
NDUFS7,0.0
OGFR,0.0
TCF7,0.0
CLASP1,0.0
PSMB3,0.0
DCTN4,0.0
NCAPH2,0.0
APOA4,0.0
GC,0.0
TJP1,0.0
CHST12,0.0
UROD,0.0
GBP4,0.0
TEX15,0.0
GAD1,0.0
APAF1,0.0
DDIT3,0.0
IL18,0.0
MVB12A,0.0
TG,0.0
TFAP2C,0.0
PTGES,0.0
ACP2,0.0
SNX14,0.0
IL17RB,0.0
NEUROG3,0.0
RAB14,0.0
XAF1,0.0
DPYD,0.0
VDAC3,0.0
ZAP70,0.0
ELOVL3,0.0
MOSPD1,0.0
BOLA2,0.0
B4GALT7,0.0
GMCL1,0.0
MYL12B,0.0
TRIO,0.0
PRKDC,0.0
KCNE2,0.0
SLC2A2,0.0
SSTR4,0.0
EOMES,0.0
COX6B1,0.0
TYR,0.0
ITGAM,0.0
BATF2,0.0
HS2ST1,0.0
ADRA2B,0.0
SMAD5,0.0
SMAD1,0.0
PAIP1,0.0
IL16,0.0
EEF1B2,0.0
ETF1,0.0
CAMK4,0.0
DAD1,0.0
SLC29A2,0.0
INS,0.0
CCR1,0.0
HSD3B7,0.0
SLC29A1,0.0
FGF6,0.0
MYL4,0.0
PSMB9,0.0
UCHL5,0.0
DCTN1,0.0
REG1A,0.0
ETS1,0.0
SIPA1L1,0.0
RPL3L,0.0
IL4R,0.0
TNFRSF8,0.0
SLC22A4,0.0
MAPK12,0.0
AEN,0.0
PDE6G,0.0
CYP1A1,0.0
IAPP,0.0
CDK13,0.0
SRF,0.0
ATF5,0.0
NGLY1,0.0
NEK7,0.0
TLR7,0.0
CDC42EP2,0.0
NDUFS6,0.0
CDK5RAP2,0.0
PROP1,0.0
ODF1,0.0
CLDN18,0.0
FSTL1,0.0
INSL5,0.0
UROS,0.0
FABP1,0.0
LGALS1,0.0
PYGM,0.0
FOXA2,0.0
ATRX,0.0
CST8,0.0
SF3A1,0.0
DNAJB4,0.0
ADRM1,0.0
PTAFR,0.0
HLA-G,0.0
TFDP1,0.0
SNN,0.0
NDUFS8,0.0
STAB1,0.0
CD40LG,0.0
RPL9,0.0
MRTO4,0.0
SPTAN1,0.0
ACSL4,0.0
C8A,0.0
EDN1,0.0
ICAM4,0.0
C1QA,0.0
COPE,0.0
CMTR1,0.0
PLEK,0.0
THY1,0.0
MTNR1A,0.0
MTRR,0.0
CCR7,0.0
NUFIP1,0.0
STAM2,0.0
IFNB1,0.0
CD160,0.0
MYL1,0.0
CXCR3,0.0
RBM38,0.0
CD247,0.0
DCUN1D1,0.0
ZNRF4,0.0
ADAM2,0.0
GPC4,0.0
ELF1,0.0
COL15A1,0.0
